{"version": {"json_export": "187", "page_segmentation": "5", "schema": "1.1.0", "structure": "1.1036.0", "table_structure": "5"}, "extended_metadata": {"ID_instance": "2F 4E A7 91 3F B7 B2 11 0A 00 67 45 8B 6B C6 23 ", "ID_permanent": "35 41 20 41 43 20 41 34 20 39 31 20 33 46 20 42 37 20 42 32 20 31 31 20 30 41 20 30 30 20 36 37 20 34 35 20 38 42 20 36 42 20 43 36 20 32 33 20 ", "pdf_version": "1.6", "pdfa_compliance_level": "", "is_encrypted": false, "has_acroform": false, "is_digitally_signed": false, "pdfua_compliance_level": "", "page_count": 2, "has_embedded_files": false, "is_certified": false, "is_XFA": false, "language": "en-US"}, "elements": [{"Bounds": [76.72799682617188, 734.4232025146484, 171.43968200683594, 743.8782348632812], "ClipBounds": [76.72799682617188, 734.4232025146484, 171.43968200683594, 743.8782348632812], "Font": {"alt_family_name": "Arial", "embedded": true, "encoding": "WinAnsiEncoding", "family_name": "Arial", "font_type": "TrueType", "italic": false, "monospaced": false, "name": "KETLFT+Arial-BoldMT", "subset": true, "weight": 700}, "HasClip": true, "Page": 0, "Path": "//Document/Sect/P/Sub", "Text": "NearBy Electronics ", "TextSize": 10.080001831054688, "attributes": {"Placement": "Block"}}, {"Bounds": [76.72799682617188, 721.1031951904297, 214.52447509765625, 730.5582427978516], "ClipBounds": [76.72799682617188, 721.1031951904297, 214.52447509765625, 730.5582427978516], "Font": {"alt_family_name": "Arial", "embedded": true, "encoding": "WinAnsiEncoding", "family_name": "Arial MT", "font_type": "TrueType", "italic": false, "monospaced": false, "name": "UGRTPZ+ArialMT", "subset": true, "weight": 400}, "HasClip": true, "Page": 0, "Path": "//Document/Sect/P/Sub[2]", "Text": "3741 Glory Road, Jamestown, ", "TextSize": 10.080001831054688, "attributes": {"Placement": "Block"}}, {"Bounds": [76.72799682617188, 708.1132049560547, 155.30166625976562, 717.5682373046875], "ClipBounds": [76.72799682617188, 708.1132049560547, 155.30166625976562, 717.5682373046875], "Font": {"alt_family_name": "Arial", "embedded": true, "encoding": "WinAnsiEncoding", "family_name": "Arial MT", "font_type": "TrueType", "italic": false, "monospaced": false, "name": "UGRTPZ+ArialMT", "subset": true, "weight": 400}, "HasClip": true, "Page": 0, "Path": "//Document/Sect/P/Sub[3]", "Text": "Tennessee, USA ", "TextSize": 10.080001831054688, "attributes": {"Placement": "Block"}}, {"Bounds": [76.72799682617188, 694.7931976318359, 107.43167114257812, 704.2482452392578], "ClipBounds": [76.72799682617188, 694.7931976318359, 107.43167114257812, 704.2482452392578], "Font": {"alt_family_name": "Arial", "embedded": true, "encoding": "WinAnsiEncoding", "family_name": "Arial MT", "font_type": "TrueType", "italic": false, "monospaced": false, "name": "UGRTPZ+ArialMT", "subset": true, "weight": 400}, "HasClip": true, "Page": 0, "Path": "//Document/Sect/P/Sub[4]", "Text": "38556 ", "TextSize": 10.080001831054688, "attributes": {"Placement": "Block"}}, {"Bounds": [499.99000549316406, 734.4232025146484, 542.9308013916016, 743.8782348632812], "ClipBounds": [499.99000549316406, 734.4232025146484, 542.9308013916016, 743.8782348632812], "Font": {"alt_family_name": "Arial", "embedded": true, "encoding": "WinAnsiEncoding", "family_name": "Arial", "font_type": "TrueType", "italic": false, "monospaced": false, "name": "KETLFT+Arial-BoldMT", "subset": true, "weight": 700}, "HasClip": true, "Lang": "en", "Page": 0, "Path": "//Document/Sect/P[2]", "Text": "Invoice# ", "TextSize": 10.080001831054688, "attributes": {"LineHeight": 12.125, "TextAlign": "End"}}, {"Bounds": [350.5, 694.7931976318359, 543.3080749511719, 730.5582427978516], "ClipBounds": [350.5, 694.7931976318359, 543.3080749511719, 730.5582427978516], "Font": {"alt_family_name": "Arial", "embedded": true, "encoding": "WinAnsiEncoding", "family_name": "Arial MT", "font_type": "TrueType", "italic": false, "monospaced": false, "name": "UGRTPZ+ArialMT", "subset": true, "weight": 400}, "HasClip": true, "Lang": "en", "Page": 0, "Path": "//Document/Sect/P[3]", "Text": "LC06MUMG950845915714802673973600 Issue date 12-05-2023 ", "TextSize": 10.080001831054688, "attributes": {"LineHeight": 13.125, "TextAlign": "End"}}, {"Bounds": [76.72799682617188, 636.5885620117188, 295.7052459716797, 659.9109954833984], "ClipBounds": [76.72799682617188, 636.5885620117188, 295.7052459716797, 659.9109954833984], "Font": {"alt_family_name": "Arial", "embedded": true, "encoding": "WinAnsiEncoding", "family_name": "Arial MT", "font_type": "TrueType", "italic": false, "monospaced": false, "name": "UGRTPZ+ArialMT", "subset": true, "weight": 400}, "HasClip": true, "Lang": "en", "Page": 0, "Path": "//Document/Sect/Title", "Text": "NearBy Electronics ", "TextSize": 24.863998413085938, "attributes": {"LineHeight": 29.875}}, {"Bounds": [76.72799682617188, 620.6132049560547, 460.8868713378906, 630.0682373046875], "ClipBounds": [76.72799682617188, 620.6132049560547, 460.8868713378906, 630.0682373046875], "Font": {"alt_family_name": "Arial", "embedded": true, "encoding": "WinAnsiEncoding", "family_name": "Arial MT", "font_type": "TrueType", "italic": false, "monospaced": false, "name": "UGRTPZ+ArialMT", "subset": true, "weight": 400}, "HasClip": true, "Lang": "en", "Page": 0, "Path": "//Document/Sect/P[4]", "Text": "We are here to serve you better. Reach out to us in case of any concern or feedbacks. ", "TextSize": 10.080001831054688, "attributes": {"LineHeight": 12.125, "SpaceAfter": 18}}, {"Bounds": [81.04800415039062, 488.42320251464844, 513.0480804443359, 577.1182403564453], "ClipBounds": [81.04800415039062, 488.42320251464844, 513.0480804443359, 577.1182403564453], "Page": 0, "Path": "//Document/Sect/Table", "attributes": {"BBox": [80.99669999999969, 488.1719999999914, 558.2169999999751, 575.4089999999851], "NumCol": 3, "NumRow": 3, "Placement": "Block", "SpaceAfter": 18}}, {"Bounds": [81.04800415039062, 567.6631927490234, 122.99087524414062, 577.1182403564453], "ClipBounds": [81.04800415039062, 567.6631927490234, 122.99087524414062, 577.1182403564453], "Page": 0, "Path": "//Document/Sect/Table/TR/TH", "attributes": {"BBox": [80.99669999999969, 566.6489999999758, 221.0309999999954, 575.4089999999851], "BlockAlign": "Before", "ColIndex": 0, "Height": 8.75, "InlineAlign": "Start", "RowIndex": 0, "Width": 140}}, {"Bounds": [81.04800415039062, 567.6631927490234, 122.99087524414062, 577.1182403564453], "ClipBounds": [81.04800415039062, 567.6631927490234, 122.99087524414062, 577.1182403564453], "Font": {"alt_family_name": "Arial", "embedded": true, "encoding": "WinAnsiEncoding", "family_name": "Arial", "font_type": "TrueType", "italic": false, "monospaced": false, "name": "KETLFT+Arial-BoldMT", "subset": true, "weight": 700}, "HasClip": true, "Lang": "en", "Page": 0, "Path": "//Document/Sect/Table/TR/TH/P", "Text": "BILL TO ", "TextSize": 10.080001831054688, "attributes": {"LineHeight": 12.125}}, {"Bounds": [240.25999450683594, 567.6631927490234, 286.1240692138672, 577.1182403564453], "ClipBounds": [240.25999450683594, 567.6631927490234, 286.1240692138672, 577.1182403564453], "Page": 0, "Path": "//Document/Sect/Table/TR/TH[2]", "attributes": {"BBox": [221.0309999999954, 566.6489999999758, 403.903999999995, 575.4089999999851], "BlockAlign": "Before", "ColIndex": 1, "Height": 8.75, "InlineAlign": "Start", "RowIndex": 0, "Width": 182.875}}, {"Bounds": [240.25999450683594, 567.6631927490234, 286.1240692138672, 577.1182403564453], "ClipBounds": [240.25999450683594, 567.6631927490234, 286.1240692138672, 577.1182403564453], "Font": {"alt_family_name": "Arial", "embedded": true, "encoding": "WinAnsiEncoding", "family_name": "Arial", "font_type": "TrueType", "italic": false, "monospaced": false, "name": "KETLFT+Arial-BoldMT", "subset": true, "weight": 700}, "HasClip": true, "Lang": "en", "Page": 0, "Path": "//Document/Sect/Table/TR/TH[2]/P", "Text": "DETAILS ", "TextSize": 10.080001831054688, "attributes": {"LineHeight": 12.125}}, {"Bounds": [412.8000030517578, 567.6631927490234, 464.58103942871094, 577.1182403564453], "ClipBounds": [412.8000030517578, 567.6631927490234, 464.58103942871094, 577.1182403564453], "Page": 0, "Path": "//Document/Sect/Table/TR/TH[3]", "attributes": {"BBox": [403.903999999995, 566.6489999999758, 558.2169999999751, 575.4089999999851], "BlockAlign": "Before", "ColIndex": 2, "Height": 8.75, "InlineAlign": "Start", "RowIndex": 0, "Width": 154.375}}, {"Bounds": [412.8000030517578, 567.6631927490234, 464.58103942871094, 577.1182403564453], "ClipBounds": [412.8000030517578, 567.6631927490234, 464.58103942871094, 577.1182403564453], "Font": {"alt_family_name": "Arial", "embedded": true, "encoding": "WinAnsiEncoding", "family_name": "Arial", "font_type": "TrueType", "italic": false, "monospaced": false, "name": "KETLFT+Arial-BoldMT", "subset": true, "weight": 700}, "HasClip": true, "Lang": "en", "Page": 0, "Path": "//Document/Sect/Table/TR/TH[3]/P", "Text": "PAYMENT ", "TextSize": 10.080001831054688, "attributes": {"LineHeight": 12.125}}, {"Bounds": [81.04800415039062, 541.3632049560547, 204.6892852783203, 564.1382446289062], "ClipBounds": [81.04800415039062, 541.3632049560547, 204.6892852783203, 564.1382446289062], "Page": 0, "Path": "//Document/Sect/Table/TR[2]/TD", "attributes": {"BBox": [80.99669999999969, 540.7299999999814, 221.0309999999954, 566.6489999999758], "BlockAlign": "Middle", "ColIndex": 0, "Height": 25.875, "InlineAlign": "Start", "RowIndex": 1, "Width": 140}}, {"Bounds": [81.04800415039062, 541.3632049560547, 204.6892852783203, 564.1382446289062], "ClipBounds": [81.04800415039062, 541.3632049560547, 204.6892852783203, 564.1382446289062], "Font": {"alt_family_name": "Arial", "embedded": true, "encoding": "WinAnsiEncoding", "family_name": "Arial MT", "font_type": "TrueType", "italic": false, "monospaced": false, "name": "UGRTPZ+ArialMT", "subset": true, "weight": 400}, "HasClip": true, "Lang": "en", "Page": 0, "Path": "//Document/Sect/Table/TR[2]/TD/P", "Text": "Kerry Bergnaum Kerry_Bergnaum@yahoo.c ", "TextSize": 10.080001831054688, "attributes": {"LineHeight": 13.375}}, {"Bounds": [240.25999450683594, 554.6831970214844, 371.62255859375, 564.1382446289062], "ClipBounds": [240.25999450683594, 554.6831970214844, 371.62255859375, 564.1382446289062], "Page": 0, "Path": "//Document/Sect/Table/TR[2]/TD[2]", "attributes": {"BBox": [221.0309999999954, 540.7299999999814, 403.903999999995, 566.6489999999758], "BlockAlign": "Before", "ColIndex": 1, "Height": 25.875, "InlineAlign": "Center", "RowIndex": 1, "Width": 182.875}}, {"Bounds": [240.25999450683594, 554.6831970214844, 371.62255859375, 564.1382446289062], "ClipBounds": [240.25999450683594, 554.6831970214844, 371.62255859375, 564.1382446289062], "Font": {"alt_family_name": "Arial", "embedded": true, "encoding": "WinAnsiEncoding", "family_name": "Arial MT", "font_type": "TrueType", "italic": false, "monospaced": false, "name": "UGRTPZ+ArialMT", "subset": true, "weight": 400}, "HasClip": true, "Lang": "en", "Page": 0, "Path": "//Document/Sect/Table/TR[2]/TD[2]/P", "Text": "adipisicing sint ad adipisicing ", "TextSize": 10.080001831054688, "attributes": {"LineHeight": 12.125}}, {"Bounds": [412.8000030517578, 554.6831970214844, 513.0480804443359, 564.1382446289062], "ClipBounds": [412.8000030517578, 554.6831970214844, 513.0480804443359, 564.1382446289062], "Page": 0, "Path": "//Document/Sect/Table/TR[2]/TD[3]", "attributes": {"BBox": [403.903999999995, 540.7299999999814, 558.2169999999751, 566.6489999999758], "BlockAlign": "Before", "ColIndex": 2, "Height": 25.875, "InlineAlign": "Start", "RowIndex": 1, "Width": 154.375}}, {"Bounds": [412.8000030517578, 554.6831970214844, 513.0480804443359, 564.1382446289062], "ClipBounds": [412.8000030517578, 554.6831970214844, 513.0480804443359, 564.1382446289062], "Font": {"alt_family_name": "Arial", "embedded": true, "encoding": "WinAnsiEncoding", "family_name": "Arial MT", "font_type": "TrueType", "italic": false, "monospaced": false, "name": "UGRTPZ+ArialMT", "subset": true, "weight": 400}, "HasClip": true, "Lang": "en", "Page": 0, "Path": "//Document/Sect/Table/TR[2]/TD[3]/P", "Text": "Due date: 25-06-2023 ", "TextSize": 10.080001831054688, "attributes": {"LineHeight": 12.125}}, {"Bounds": [81.04800415039062, 488.42320251464844, 178.63247680664062, 537.4982452392578], "ClipBounds": [81.04800415039062, 488.42320251464844, 178.63247680664062, 537.4982452392578], "Page": 0, "Path": "//Document/Sect/Table/TR[3]/TD", "attributes": {"BBox": [80.99669999999969, 488.1719999999914, 221.0309999999954, 540.7299999999814], "BlockAlign": "After", "ColIndex": 0, "Height": 52.5, "InlineAlign": "Start", "RowIndex": 2, "Width": 140}}, {"Bounds": [81.04800415039062, 528.0431976318359, 98.32023620605469, 537.4982452392578], "ClipBounds": [81.04800415039062, 528.0431976318359, 98.32023620605469, 537.4982452392578], "Font": {"alt_family_name": "Arial", "embedded": true, "encoding": "WinAnsiEncoding", "family_name": "Arial MT", "font_type": "TrueType", "italic": false, "monospaced": false, "name": "UGRTPZ+ArialMT", "subset": true, "weight": 400}, "HasClip": true, "Page": 0, "Path": "//Document/Sect/Table/TR[3]/TD/P/Sub", "Text": "om ", "TextSize": 10.080001831054688, "attributes": {"Placement": "Block"}}, {"Bounds": [81.04800415039062, 514.7232055664062, 146.34808349609375, 524.1782379150391], "ClipBounds": [81.04800415039062, 514.7232055664062, 146.34808349609375, 524.1782379150391], "Font": {"alt_family_name": "Arial", "embedded": true, "encoding": "WinAnsiEncoding", "family_name": "Arial MT", "font_type": "TrueType", "italic": false, "monospaced": false, "name": "UGRTPZ+ArialMT", "subset": true, "weight": 400}, "HasClip": true, "Page": 0, "Path": "//Document/Sect/Table/TR[3]/TD/P/Sub[2]", "Text": "189-052-5595 ", "TextSize": 10.080001831054688, "attributes": {"Placement": "Block"}}, {"Bounds": [81.04800415039062, 501.7431945800781, 178.63247680664062, 511.1982421875], "ClipBounds": [81.04800415039062, 501.7431945800781, 178.63247680664062, 511.1982421875], "Font": {"alt_family_name": "Arial", "embedded": true, "encoding": "WinAnsiEncoding", "family_name": "Arial MT", "font_type": "TrueType", "italic": false, "monospaced": false, "name": "UGRTPZ+ArialMT", "subset": true, "weight": 400}, "HasClip": true, "Page": 0, "Path": "//Document/Sect/Table/TR[3]/TD/P/Sub[3]", "Text": "7470 DuBuque Plaza ", "TextSize": 10.080001831054688, "attributes": {"Placement": "Block"}}, {"Bounds": [81.04800415039062, 488.42320251464844, 132.95999145507812, 497.87823486328125], "ClipBounds": [81.04800415039062, 488.42320251464844, 132.95999145507812, 497.87823486328125], "Font": {"alt_family_name": "Arial", "embedded": true, "encoding": "WinAnsiEncoding", "family_name": "Arial MT", "font_type": "TrueType", "italic": false, "monospaced": false, "name": "UGRTPZ+ArialMT", "subset": true, "weight": 400}, "HasClip": true, "Page": 0, "Path": "//Document/Sect/Table/TR[3]/TD/P/Sub[4]", "Text": "Oranjestad ", "TextSize": 10.080001831054688, "attributes": {"Placement": "Block"}}, {"Path": "//Document/Sect/Table/TR[3]/TD[2]", "attributes": {"BBox": [221.0309999999954, 488.1719999999914, 403.903999999995, 540.7299999999814], "BlockAlign": "Before", "ColIndex": 1, "Height": 52.5, "InlineAlign": "Center", "RowIndex": 2, "Width": 182.875}}, {"Bounds": [410.63999938964844, 522.056396484375, 459.87107849121094, 532.5244750976562], "ClipBounds": [410.63999938964844, 522.056396484375, 459.87107849121094, 532.5244750976562], "Page": 0, "Path": "//Document/Sect/Table/TR[3]/TD[3]", "attributes": {"BBox": [403.903999999995, 488.1719999999914, 558.2169999999751, 540.7299999999814], "BlockAlign": "Before", "ColIndex": 2, "Height": 52.5, "InlineAlign": "Start", "RowIndex": 2, "Width": 154.375}}, {"Bounds": [410.63999938964844, 522.056396484375, 459.87107849121094, 532.5244750976562], "ClipBounds": [410.63999938964844, 522.056396484375, 459.87107849121094, 532.5244750976562], "Font": {"alt_family_name": "Arial", "embedded": true, "encoding": "WinAnsiEncoding", "family_name": "Arial", "font_type": "TrueType", "italic": false, "monospaced": false, "name": "KETLFT+Arial-BoldMT", "subset": true, "weight": 700}, "HasClip": true, "Lang": "en", "Page": 0, "Path": "//Document/Sect/Table/TR[3]/TD[3]/P", "Text": "$25370.4 ", "TextSize": 11.160003662109375, "attributes": {"LineHeight": 13.375}}, {"Bounds": [77.447998046875, 416.7532043457031, 530.1510314941406, 426.20823669433594], "ClipBounds": [77.447998046875, 416.7532043457031, 530.1510314941406, 426.20823669433594], "Page": 0, "Path": "//Document/Sect/Table[2]", "attributes": {"BBox": [71.5170999999973, 401.775999999998, 540.9379999999946, 434.29499999999825], "NumCol": 4, "Placement": "Block", "SpaceAfter": 18}}, {"Bounds": [77.447998046875, 416.7532043457031, 104.47239685058594, 426.20823669433594], "ClipBounds": [77.447998046875, 416.7532043457031, 104.47239685058594, 426.20823669433594], "Page": 0, "Path": "//Document/Sect/Table[2]/TR/TD", "attributes": {"BBox": [71.5170999999973, 400.93599999998696, 358.78499999998894, 434.29499999999825], "BlockAlign": "Middle", "BorderColor": [[0, 0, 0], [0.6235349999999755, 0.6235349999999755, 0.6235349999999755], [0, 0, 0], [0, 0, 0]], "BorderStyle": "Solid", "BorderThickness": [0.625, 0.875, 0.5, 0.25], "ColIndex": 0, "Height": 33.375, "InlineAlign": "Start", "RowIndex": 0, "Width": 287.25}}, {"Bounds": [77.447998046875, 416.7532043457031, 104.47239685058594, 426.20823669433594], "ClipBounds": [77.447998046875, 416.7532043457031, 104.47239685058594, 426.20823669433594], "Font": {"alt_family_name": "Arial", "embedded": true, "encoding": "WinAnsiEncoding", "family_name": "Arial", "font_type": "TrueType", "italic": false, "monospaced": false, "name": "KETLFT+Arial-BoldMT", "subset": true, "weight": 700}, "HasClip": true, "Lang": "en", "Page": 0, "Path": "//Document/Sect/Table[2]/TR/TD/P", "Text": "ITEM ", "TextSize": 10.080001831054688, "attributes": {"LineHeight": 12.125}}, {"Bounds": [363.1000061035156, 416.7532043457031, 386.6570281982422, 426.20823669433594], "ClipBounds": [363.1000061035156, 416.7532043457031, 386.6570281982422, 426.20823669433594], "Page": 0, "Path": "//Document/Sect/Table[2]/TR/TD[2]", "attributes": {"BBox": [358.304999999993, 400.93599999998696, 415.6629999999859, 434.29499999999825], "BlockAlign": "Middle", "BorderColor": [[0, 0, 0], [0.6235349999999755, 0.6235349999999755, 0.6235349999999755], [0, 0, 0], [0, 0, 0]], "BorderStyle": "Solid", "BorderThickness": [0.625, 0.875, 0.25, 0.25], "ColIndex": 1, "Height": 33.375, "InlineAlign": "Start", "RowIndex": 0, "Width": 57.375}}, {"Bounds": [363.1000061035156, 416.7532043457031, 386.6570281982422, 426.20823669433594], "ClipBounds": [363.1000061035156, 416.7532043457031, 386.6570281982422, 426.20823669433594], "Font": {"alt_family_name": "Arial", "embedded": true, "encoding": "WinAnsiEncoding", "family_name": "Arial", "font_type": "TrueType", "italic": false, "monospaced": false, "name": "KETLFT+Arial-BoldMT", "subset": true, "weight": 700}, "HasClip": true, "Lang": "en", "Page": 0, "Path": "//Document/Sect/Table[2]/TR/TD[2]/P", "Text": "QTY ", "TextSize": 10.080001831054688, "attributes": {"LineHeight": 12.125}}, {"Bounds": [420.3800048828125, 416.7532043457031, 450.7712707519531, 426.20823669433594], "ClipBounds": [420.3800048828125, 416.7532043457031, 450.7712707519531, 426.20823669433594], "Page": 0, "Path": "//Document/Sect/Table[2]/TR/TD[3]", "attributes": {"BBox": [415.18299999999, 400.93599999998696, 481.8999999999942, 434.29499999999825], "BlockAlign": "Middle", "BorderColor": [[0, 0, 0], [0.6235349999999755, 0.6235349999999755, 0.6235349999999755], [0, 0, 0], [0, 0, 0]], "BorderStyle": "Solid", "BorderThickness": [0.625, 0.875, 0.25, 0.25], "ColIndex": 2, "Height": 33.375, "InlineAlign": "Start", "RowIndex": 0, "Width": 66.75}}, {"Bounds": [420.3800048828125, 416.7532043457031, 450.7712707519531, 426.20823669433594], "ClipBounds": [420.3800048828125, 416.7532043457031, 450.7712707519531, 426.20823669433594], "Font": {"alt_family_name": "Arial", "embedded": true, "encoding": "WinAnsiEncoding", "family_name": "Arial", "font_type": "TrueType", "italic": false, "monospaced": false, "name": "KETLFT+Arial-BoldMT", "subset": true, "weight": 700}, "HasClip": true, "Lang": "en", "Page": 0, "Path": "//Document/Sect/Table[2]/TR/TD[3]/P", "Text": "RATE ", "TextSize": 10.080001831054688, "attributes": {"LineHeight": 12.125}}, {"Bounds": [483.4100036621094, 416.7532043457031, 530.1510314941406, 426.20823669433594], "ClipBounds": [483.4100036621094, 416.7532043457031, 530.1510314941406, 426.20823669433594], "Page": 0, "Path": "//Document/Sect/Table[2]/TR/TD[4]", "attributes": {"BBox": [481.41999999999825, 400.93599999998696, 541.417999999976, 434.29499999999825], "BlockAlign": "Middle", "BorderColor": [[0, 0, 0], [0.6235349999999755, 0.6235349999999755, 0.6235349999999755], [0, 0, 0], [0, 0, 0]], "BorderStyle": "Solid", "BorderThickness": [0.625, 0.875, 0.25, 0.5], "ColIndex": 3, "Height": 33.375, "InlineAlign": "Start", "RowIndex": 0, "Width": 60}}, {"Bounds": [483.4100036621094, 416.7532043457031, 530.1510314941406, 426.20823669433594], "ClipBounds": [483.4100036621094, 416.7532043457031, 530.1510314941406, 426.20823669433594], "Font": {"alt_family_name": "Arial", "embedded": true, "encoding": "WinAnsiEncoding", "family_name": "Arial", "font_type": "TrueType", "italic": false, "monospaced": false, "name": "KETLFT+Arial-BoldMT", "subset": true, "weight": 700}, "HasClip": true, "Lang": "en", "Page": 0, "Path": "//Document/Sect/Table[2]/TR/TD[4]/P", "Text": "AMOUNT ", "TextSize": 10.080001831054688, "attributes": {"LineHeight": 12.125}}, {"Bounds": [77.447998046875, 179.75320434570312, 517.7280731201172, 390.54823303222656], "ClipBounds": [77.447998046875, 179.75320434570312, 517.7280731201172, 390.54823303222656], "Page": 0, "Path": "//Document/Sect/Table[3]", "attributes": {"BBox": [71.5170999999973, 162.62599999999657, 540.9379999999946, 398.775999999998], "NumCol": 4, "NumRow": 7, "Placement": "Block", "SpaceAfter": 18}}, {"Bounds": [77.447998046875, 381.09320068359375, 193.74095153808594, 390.54823303222656], "ClipBounds": [77.447998046875, 381.09320068359375, 193.74095153808594, 390.54823303222656], "Page": 0, "Path": "//Document/Sect/Table[3]/TR/TD", "attributes": {"BBox": [71.5170999999973, 364.81699999999546, 358.0649999999878, 398.775999999998], "BlockAlign": "Middle", "BorderColor": [0, 0, 0], "BorderStyle": "Solid", "BorderThickness": [0.625, 0.25, 0.5, 0.25], "ColIndex": 0, "Height": 34, "InlineAlign": "Start", "RowIndex": 0, "Width": 286.375}}, {"Bounds": [77.447998046875, 381.09320068359375, 193.74095153808594, 390.54823303222656], "ClipBounds": [77.447998046875, 381.09320068359375, 193.74095153808594, 390.54823303222656], "Font": {"alt_family_name": "Arial", "embedded": true, "encoding": "WinAnsiEncoding", "family_name": "Arial MT", "font_type": "TrueType", "italic": false, "monospaced": false, "name": "UGRTPZ+ArialMT", "subset": true, "weight": 400}, "HasClip": true, "Lang": "en", "Page": 0, "Path": "//Document/Sect/Table[3]/TR/TD/P", "Text": "Ergonomic Wooden Tuna ", "TextSize": 10.080001831054688, "attributes": {"LineHeight": 12.125}}, {"Bounds": [363.82000732421875, 381.09320068359375, 378.3000030517578, 390.54823303222656], "ClipBounds": [363.82000732421875, 381.09320068359375, 378.3000030517578, 390.54823303222656], "Page": 0, "Path": "//Document/Sect/Table[3]/TR/TD[2]", "attributes": {"BBox": [357.58499999999185, 364.81699999999546, 414.22299999999814, 398.775999999998], "BlockAlign": "Middle", "BorderColor": [0, 0, 0], "BorderStyle": "Solid", "BorderThickness": [0.625, 0.25, 0.25, 0.25], "ColIndex": 1, "Height": 34, "InlineAlign": "Start", "RowIndex": 0, "Width": 56.625}}, {"Bounds": [363.82000732421875, 381.09320068359375, 378.3000030517578, 390.54823303222656], "ClipBounds": [363.82000732421875, 381.09320068359375, 378.3000030517578, 390.54823303222656], "Font": {"alt_family_name": "Arial", "embedded": true, "encoding": "WinAnsiEncoding", "family_name": "Arial MT", "font_type": "TrueType", "italic": false, "monospaced": false, "name": "UGRTPZ+ArialMT", "subset": true, "weight": 400}, "HasClip": true, "Lang": "en", "Page": 0, "Path": "//Document/Sect/Table[3]/TR/TD[2]/P", "Text": "19 ", "TextSize": 10.080001831054688, "attributes": {"LineHeight": 12.125}}, {"Bounds": [420.3800048828125, 381.09320068359375, 434.86000061035156, 390.54823303222656], "ClipBounds": [420.3800048828125, 381.09320068359375, 434.86000061035156, 390.54823303222656], "Page": 0, "Path": "//Document/Sect/Table[3]/TR/TD[3]", "attributes": {"BBox": [413.74299999998766, 364.81699999999546, 481.8999999999942, 398.775999999998], "BlockAlign": "Middle", "BorderColor": [0, 0, 0], "BorderStyle": "Solid", "BorderThickness": [0.625, 0.25, 0.25, 0.25], "ColIndex": 2, "Height": 34, "InlineAlign": "Start", "RowIndex": 0, "Width": 68.125}}, {"Bounds": [420.3800048828125, 381.09320068359375, 434.86000061035156, 390.54823303222656], "ClipBounds": [420.3800048828125, 381.09320068359375, 434.86000061035156, 390.54823303222656], "Font": {"alt_family_name": "Arial", "embedded": true, "encoding": "WinAnsiEncoding", "family_name": "Arial MT", "font_type": "TrueType", "italic": false, "monospaced": false, "name": "UGRTPZ+ArialMT", "subset": true, "weight": 400}, "HasClip": true, "Lang": "en", "Page": 0, "Path": "//Document/Sect/Table[3]/TR/TD[3]/P", "Text": "96 ", "TextSize": 10.080001831054688, "attributes": {"LineHeight": 12.125}}, {"Bounds": [487.00999450683594, 381.09320068359375, 517.7280731201172, 390.54823303222656], "ClipBounds": [487.00999450683594, 381.09320068359375, 517.7280731201172, 390.54823303222656], "Page": 0, "Path": "//Document/Sect/Table[3]/TR/TD[4]", "attributes": {"BBox": [481.41999999999825, 364.81699999999546, 541.417999999976, 398.775999999998], "BlockAlign": "Middle", "BorderColor": [0, 0, 0], "BorderStyle": "Solid", "BorderThickness": [0.625, 0.25, 0.25, 0.5], "ColIndex": 3, "Height": 34, "InlineAlign": "Start", "RowIndex": 0, "Width": 60}}, {"Bounds": [487.00999450683594, 381.09320068359375, 517.7280731201172, 390.54823303222656], "ClipBounds": [487.00999450683594, 381.09320068359375, 517.7280731201172, 390.54823303222656], "Font": {"alt_family_name": "Arial", "embedded": true, "encoding": "WinAnsiEncoding", "family_name": "Arial MT", "font_type": "TrueType", "italic": false, "monospaced": false, "name": "UGRTPZ+ArialMT", "subset": true, "weight": 400}, "HasClip": true, "Lang": "en", "Page": 0, "Path": "//Document/Sect/Table[3]/TR/TD[4]/P", "Text": "$1824 ", "TextSize": 10.080001831054688, "attributes": {"LineHeight": 12.125}}, {"Bounds": [77.447998046875, 347.5832061767578, 167.13983154296875, 357.0382385253906], "ClipBounds": [77.447998046875, 347.5832061767578, 167.13983154296875, 357.0382385253906], "Page": 0, "Path": "//Document/Sect/Table[3]/TR[2]/TD", "attributes": {"BBox": [71.5170999999973, 330.2589999999909, 358.0649999999878, 365.2969999999914], "BlockAlign": "Middle", "BorderColor": [0, 0, 0], "BorderStyle": "Solid", "BorderThickness": [0.25, 0.25, 0.5, 0.25], "ColIndex": 0, "Height": 35, "InlineAlign": "Start", "RowIndex": 1, "Width": 286.375}}, {"Bounds": [77.447998046875, 347.5832061767578, 167.13983154296875, 357.0382385253906], "ClipBounds": [77.447998046875, 347.5832061767578, 167.13983154296875, 357.0382385253906], "Font": {"alt_family_name": "Arial", "embedded": true, "encoding": "WinAnsiEncoding", "family_name": "Arial MT", "font_type": "TrueType", "italic": false, "monospaced": false, "name": "UGRTPZ+ArialMT", "subset": true, "weight": 400}, "HasClip": true, "Lang": "en", "Page": 0, "Path": "//Document/Sect/Table[3]/TR[2]/TD/P", "Text": "Sleek Rubber Soap ", "TextSize": 10.080001831054688, "attributes": {"LineHeight": 12.125}}, {"Bounds": [363.82000732421875, 347.5832061767578, 378.3000030517578, 357.0382385253906], "ClipBounds": [363.82000732421875, 347.5832061767578, 378.3000030517578, 357.0382385253906], "Page": 0, "Path": "//Document/Sect/Table[3]/TR[2]/TD[2]", "attributes": {"BBox": [357.58499999999185, 330.2589999999909, 414.22299999999814, 365.2969999999914], "BlockAlign": "Middle", "BorderColor": [0, 0, 0], "BorderStyle": "Solid", "BorderThickness": 0.25, "ColIndex": 1, "Height": 35, "InlineAlign": "Start", "RowIndex": 1, "Width": 56.625}}, {"Bounds": [363.82000732421875, 347.5832061767578, 378.3000030517578, 357.0382385253906], "ClipBounds": [363.82000732421875, 347.5832061767578, 378.3000030517578, 357.0382385253906], "Font": {"alt_family_name": "Arial", "embedded": true, "encoding": "WinAnsiEncoding", "family_name": "Arial MT", "font_type": "TrueType", "italic": false, "monospaced": false, "name": "UGRTPZ+ArialMT", "subset": true, "weight": 400}, "HasClip": true, "Lang": "en", "Page": 0, "Path": "//Document/Sect/Table[3]/TR[2]/TD[2]/P", "Text": "91 ", "TextSize": 10.080001831054688, "attributes": {"LineHeight": 12.125}}, {"Bounds": [420.3800048828125, 347.5832061767578, 434.86000061035156, 357.0382385253906], "ClipBounds": [420.3800048828125, 347.5832061767578, 434.86000061035156, 357.0382385253906], "Page": 0, "Path": "//Document/Sect/Table[3]/TR[2]/TD[3]", "attributes": {"BBox": [413.74299999998766, 330.2589999999909, 481.8999999999942, 365.2969999999914], "BlockAlign": "Middle", "BorderColor": [0, 0, 0], "BorderStyle": "Solid", "BorderThickness": 0.25, "ColIndex": 2, "Height": 35, "InlineAlign": "Start", "RowIndex": 1, "Width": 68.125}}, {"Bounds": [420.3800048828125, 347.5832061767578, 434.86000061035156, 357.0382385253906], "ClipBounds": [420.3800048828125, 347.5832061767578, 434.86000061035156, 357.0382385253906], "Font": {"alt_family_name": "Arial", "embedded": true, "encoding": "WinAnsiEncoding", "family_name": "Arial MT", "font_type": "TrueType", "italic": false, "monospaced": false, "name": "UGRTPZ+ArialMT", "subset": true, "weight": 400}, "HasClip": true, "Lang": "en", "Page": 0, "Path": "//Document/Sect/Table[3]/TR[2]/TD[3]/P", "Text": "41 ", "TextSize": 10.080001831054688, "attributes": {"LineHeight": 12.125}}, {"Bounds": [487.00999450683594, 347.5832061767578, 517.7280731201172, 357.0382385253906], "ClipBounds": [487.00999450683594, 347.5832061767578, 517.7280731201172, 357.0382385253906], "Page": 0, "Path": "//Document/Sect/Table[3]/TR[2]/TD[4]", "attributes": {"BBox": [481.41999999999825, 330.2589999999909, 541.417999999976, 365.2969999999914], "BlockAlign": "Middle", "BorderColor": [0, 0, 0], "BorderStyle": "Solid", "BorderThickness": [0.25, 0.25, 0.25, 0.5], "ColIndex": 3, "Height": 35, "InlineAlign": "Start", "RowIndex": 1, "Width": 60}}, {"Bounds": [487.00999450683594, 347.5832061767578, 517.7280731201172, 357.0382385253906], "ClipBounds": [487.00999450683594, 347.5832061767578, 517.7280731201172, 357.0382385253906], "Font": {"alt_family_name": "Arial", "embedded": true, "encoding": "WinAnsiEncoding", "family_name": "Arial MT", "font_type": "TrueType", "italic": false, "monospaced": false, "name": "UGRTPZ+ArialMT", "subset": true, "weight": 400}, "HasClip": true, "Lang": "en", "Page": 0, "Path": "//Document/Sect/Table[3]/TR[2]/TD[4]/P", "Text": "$3731 ", "TextSize": 10.080001831054688, "attributes": {"LineHeight": 12.125}}, {"Bounds": [77.447998046875, 314.1031951904297, 179.35679626464844, 323.55824279785156], "ClipBounds": [77.447998046875, 314.1031951904297, 179.35679626464844, 323.55824279785156], "Page": 0, "Path": "//Document/Sect/Table[3]/TR[3]/TD", "attributes": {"BBox": [71.5170999999973, 297.1399999999994, 358.0649999999878, 330.73899999998685], "BlockAlign": "Before", "BorderColor": [0, 0, 0], "BorderStyle": "Solid", "BorderThickness": [0.25, 0.25, 0.5, 0.25], "ColIndex": 0, "Height": 33.625, "InlineAlign": "Start", "RowIndex": 2, "Width": 286.375}}, {"Bounds": [77.447998046875, 314.1031951904297, 179.35679626464844, 323.55824279785156], "ClipBounds": [77.447998046875, 314.1031951904297, 179.35679626464844, 323.55824279785156], "Font": {"alt_family_name": "Arial", "embedded": true, "encoding": "WinAnsiEncoding", "family_name": "Arial MT", "font_type": "TrueType", "italic": false, "monospaced": false, "name": "UGRTPZ+ArialMT", "subset": true, "weight": 400}, "HasClip": true, "Lang": "en", "Page": 0, "Path": "//Document/Sect/Table[3]/TR[3]/TD/P", "Text": "Refined Metal Cheese ", "TextSize": 10.080001831054688, "attributes": {"LineHeight": 12.125}}, {"Bounds": [363.82000732421875, 314.1031951904297, 383.3751983642578, 323.55824279785156], "ClipBounds": [363.82000732421875, 314.1031951904297, 383.3751983642578, 323.55824279785156], "Page": 0, "Path": "//Document/Sect/Table[3]/TR[3]/TD[2]", "attributes": {"BBox": [357.58499999999185, 297.1399999999994, 414.22299999999814, 330.73899999998685], "BlockAlign": "Before", "BorderColor": [0, 0, 0], "BorderStyle": "Solid", "BorderThickness": 0.25, "ColIndex": 1, "Height": 33.625, "InlineAlign": "Start", "RowIndex": 2, "Width": 56.625}}, {"Bounds": [363.82000732421875, 314.1031951904297, 383.3751983642578, 323.55824279785156], "ClipBounds": [363.82000732421875, 314.1031951904297, 383.3751983642578, 323.55824279785156], "Font": {"alt_family_name": "Arial", "embedded": true, "encoding": "WinAnsiEncoding", "family_name": "Arial MT", "font_type": "TrueType", "italic": false, "monospaced": false, "name": "UGRTPZ+ArialMT", "subset": true, "weight": 400}, "HasClip": true, "Lang": "en", "Page": 0, "Path": "//Document/Sect/Table[3]/TR[3]/TD[2]/P", "Text": "114 ", "TextSize": 10.080001831054688, "attributes": {"LineHeight": 12.125}}, {"Bounds": [420.3800048828125, 314.1031951904297, 434.86000061035156, 323.55824279785156], "ClipBounds": [420.3800048828125, 314.1031951904297, 434.86000061035156, 323.55824279785156], "Page": 0, "Path": "//Document/Sect/Table[3]/TR[3]/TD[3]", "attributes": {"BBox": [413.74299999998766, 297.1399999999994, 481.8999999999942, 330.73899999998685], "BlockAlign": "Before", "BorderColor": [0, 0, 0], "BorderStyle": "Solid", "BorderThickness": 0.25, "ColIndex": 2, "Height": 33.625, "InlineAlign": "Start", "RowIndex": 2, "Width": 68.125}}, {"Bounds": [420.3800048828125, 314.1031951904297, 434.86000061035156, 323.55824279785156], "ClipBounds": [420.3800048828125, 314.1031951904297, 434.86000061035156, 323.55824279785156], "Font": {"alt_family_name": "Arial", "embedded": true, "encoding": "WinAnsiEncoding", "family_name": "Arial MT", "font_type": "TrueType", "italic": false, "monospaced": false, "name": "UGRTPZ+ArialMT", "subset": true, "weight": 400}, "HasClip": true, "Lang": "en", "Page": 0, "Path": "//Document/Sect/Table[3]/TR[3]/TD[3]/P", "Text": "20 ", "TextSize": 10.080001831054688, "attributes": {"LineHeight": 12.125}}, {"Bounds": [487.00999450683594, 314.1031951904297, 517.7280731201172, 323.55824279785156], "ClipBounds": [487.00999450683594, 314.1031951904297, 517.7280731201172, 323.55824279785156], "Page": 0, "Path": "//Document/Sect/Table[3]/TR[3]/TD[4]", "attributes": {"BBox": [481.41999999999825, 297.1399999999994, 541.417999999976, 330.73899999998685], "BlockAlign": "Before", "BorderColor": [0, 0, 0], "BorderStyle": "Solid", "BorderThickness": [0.25, 0.25, 0.25, 0.5], "ColIndex": 3, "Height": 33.625, "InlineAlign": "Start", "RowIndex": 2, "Width": 60}}, {"Bounds": [487.00999450683594, 314.1031951904297, 517.7280731201172, 323.55824279785156], "ClipBounds": [487.00999450683594, 314.1031951904297, 517.7280731201172, 323.55824279785156], "Font": {"alt_family_name": "Arial", "embedded": true, "encoding": "WinAnsiEncoding", "family_name": "Arial MT", "font_type": "TrueType", "italic": false, "monospaced": false, "name": "UGRTPZ+ArialMT", "subset": true, "weight": 400}, "HasClip": true, "Lang": "en", "Page": 0, "Path": "//Document/Sect/Table[3]/TR[3]/TD[4]/P", "Text": "$2280 ", "TextSize": 10.080001831054688, "attributes": {"LineHeight": 12.125}}, {"Bounds": [77.447998046875, 280.6031951904297, 174.45791625976562, 290.05824279785156], "ClipBounds": [77.447998046875, 280.6031951904297, 174.45791625976562, 290.05824279785156], "Page": 0, "Path": "//Document/Sect/Table[3]/TR[4]/TD", "attributes": {"BBox": [71.5170999999973, 264.74099999999453, 358.0649999999878, 297.61999999999534], "BlockAlign": "Middle", "BorderColor": [0, 0, 0], "BorderStyle": "Solid", "BorderThickness": [0.25, 0.25, 0.5, 0.25], "ColIndex": 0, "Height": 32.875, "InlineAlign": "Start", "RowIndex": 3, "Width": 286.375}}, {"Bounds": [77.447998046875, 280.6031951904297, 174.45791625976562, 290.05824279785156], "ClipBounds": [77.447998046875, 280.6031951904297, 174.45791625976562, 290.05824279785156], "Font": {"alt_family_name": "Arial", "embedded": true, "encoding": "WinAnsiEncoding", "family_name": "Arial MT", "font_type": "TrueType", "italic": false, "monospaced": false, "name": "UGRTPZ+ArialMT", "subset": true, "weight": 400}, "HasClip": true, "Lang": "en", "Page": 0, "Path": "//Document/Sect/Table[3]/TR[4]/TD/P", "Text": "Refined Fresh Shoes ", "TextSize": 10.080001831054688, "attributes": {"LineHeight": 12.125}}, {"Bounds": [363.82000732421875, 280.6031951904297, 378.3000030517578, 290.05824279785156], "ClipBounds": [363.82000732421875, 280.6031951904297, 378.3000030517578, 290.05824279785156], "Page": 0, "Path": "//Document/Sect/Table[3]/TR[4]/TD[2]", "attributes": {"BBox": [357.58499999999185, 264.74099999999453, 414.22299999999814, 297.61999999999534], "BlockAlign": "Middle", "BorderColor": [0, 0, 0], "BorderStyle": "Solid", "BorderThickness": 0.25, "ColIndex": 1, "Height": 32.875, "InlineAlign": "Start", "RowIndex": 3, "Width": 56.625}}, {"Bounds": [363.82000732421875, 280.6031951904297, 378.3000030517578, 290.05824279785156], "ClipBounds": [363.82000732421875, 280.6031951904297, 378.3000030517578, 290.05824279785156], "Font": {"alt_family_name": "Arial", "embedded": true, "encoding": "WinAnsiEncoding", "family_name": "Arial MT", "font_type": "TrueType", "italic": false, "monospaced": false, "name": "UGRTPZ+ArialMT", "subset": true, "weight": 400}, "HasClip": true, "Lang": "en", "Page": 0, "Path": "//Document/Sect/Table[3]/TR[4]/TD[2]/P", "Text": "76 ", "TextSize": 10.080001831054688, "attributes": {"LineHeight": 12.125}}, {"Bounds": [420.3800048828125, 280.6031951904297, 434.86000061035156, 290.05824279785156], "ClipBounds": [420.3800048828125, 280.6031951904297, 434.86000061035156, 290.05824279785156], "Page": 0, "Path": "//Document/Sect/Table[3]/TR[4]/TD[3]", "attributes": {"BBox": [413.74299999998766, 264.74099999999453, 481.8999999999942, 297.61999999999534], "BlockAlign": "Middle", "BorderColor": [0, 0, 0], "BorderStyle": "Solid", "BorderThickness": 0.25, "ColIndex": 2, "Height": 32.875, "InlineAlign": "Start", "RowIndex": 3, "Width": 68.125}}, {"Bounds": [420.3800048828125, 280.6031951904297, 434.86000061035156, 290.05824279785156], "ClipBounds": [420.3800048828125, 280.6031951904297, 434.86000061035156, 290.05824279785156], "Font": {"alt_family_name": "Arial", "embedded": true, "encoding": "WinAnsiEncoding", "family_name": "Arial MT", "font_type": "TrueType", "italic": false, "monospaced": false, "name": "UGRTPZ+ArialMT", "subset": true, "weight": 400}, "HasClip": true, "Lang": "en", "Page": 0, "Path": "//Document/Sect/Table[3]/TR[4]/TD[3]/P", "Text": "39 ", "TextSize": 10.080001831054688, "attributes": {"LineHeight": 12.125}}, {"Bounds": [487.00999450683594, 280.6031951904297, 517.7280731201172, 290.05824279785156], "ClipBounds": [487.00999450683594, 280.6031951904297, 517.7280731201172, 290.05824279785156], "Page": 0, "Path": "//Document/Sect/Table[3]/TR[4]/TD[4]", "attributes": {"BBox": [481.41999999999825, 264.74099999999453, 541.417999999976, 297.61999999999534], "BlockAlign": "Middle", "BorderColor": [0, 0, 0], "BorderStyle": "Solid", "BorderThickness": [0.25, 0.25, 0.25, 0.5], "ColIndex": 3, "Height": 32.875, "InlineAlign": "Start", "RowIndex": 3, "Width": 60}}, {"Bounds": [487.00999450683594, 280.6031951904297, 517.7280731201172, 290.05824279785156], "ClipBounds": [487.00999450683594, 280.6031951904297, 517.7280731201172, 290.05824279785156], "Font": {"alt_family_name": "Arial", "embedded": true, "encoding": "WinAnsiEncoding", "family_name": "Arial MT", "font_type": "TrueType", "italic": false, "monospaced": false, "name": "UGRTPZ+ArialMT", "subset": true, "weight": 400}, "HasClip": true, "Lang": "en", "Page": 0, "Path": "//Document/Sect/Table[3]/TR[4]/TD[4]/P", "Text": "$2964 ", "TextSize": 10.080001831054688, "attributes": {"LineHeight": 12.125}}, {"Bounds": [77.447998046875, 247.1031951904297, 171.45407104492188, 256.55824279785156], "ClipBounds": [77.447998046875, 247.1031951904297, 171.45407104492188, 256.55824279785156], "Page": 0, "Path": "//Document/Sect/Table[3]/TR[5]/TD", "attributes": {"BBox": [71.5170999999973, 231.6229999999996, 358.0649999999878, 265.22099999999045], "BlockAlign": "Middle", "BorderColor": [0, 0, 0], "BorderStyle": "Solid", "BorderThickness": [0.25, 0.25, 0.5, 0.25], "ColIndex": 0, "Height": 33.625, "InlineAlign": "Start", "RowIndex": 4, "Width": 286.375}}, {"Bounds": [77.447998046875, 247.1031951904297, 171.45407104492188, 256.55824279785156], "ClipBounds": [77.447998046875, 247.1031951904297, 171.45407104492188, 256.55824279785156], "Font": {"alt_family_name": "Arial", "embedded": true, "encoding": "WinAnsiEncoding", "family_name": "Arial MT", "font_type": "TrueType", "italic": false, "monospaced": false, "name": "UGRTPZ+ArialMT", "subset": true, "weight": 400}, "HasClip": true, "Lang": "en", "Page": 0, "Path": "//Document/Sect/Table[3]/TR[5]/TD/P", "Text": "Small Metal Chicken ", "TextSize": 10.080001831054688, "attributes": {"LineHeight": 12.125}}, {"Bounds": [363.82000732421875, 247.1031951904297, 378.3000030517578, 256.55824279785156], "ClipBounds": [363.82000732421875, 247.1031951904297, 378.3000030517578, 256.55824279785156], "Page": 0, "Path": "//Document/Sect/Table[3]/TR[5]/TD[2]", "attributes": {"BBox": [357.58499999999185, 231.6229999999996, 414.22299999999814, 265.22099999999045], "BlockAlign": "Middle", "BorderColor": [0, 0, 0], "BorderStyle": "Solid", "BorderThickness": 0.25, "ColIndex": 1, "Height": 33.625, "InlineAlign": "Start", "RowIndex": 4, "Width": 56.625}}, {"Bounds": [363.82000732421875, 247.1031951904297, 378.3000030517578, 256.55824279785156], "ClipBounds": [363.82000732421875, 247.1031951904297, 378.3000030517578, 256.55824279785156], "Font": {"alt_family_name": "Arial", "embedded": true, "encoding": "WinAnsiEncoding", "family_name": "Arial MT", "font_type": "TrueType", "italic": false, "monospaced": false, "name": "UGRTPZ+ArialMT", "subset": true, "weight": 400}, "HasClip": true, "Lang": "en", "Page": 0, "Path": "//Document/Sect/Table[3]/TR[5]/TD[2]/P", "Text": "70 ", "TextSize": 10.080001831054688, "attributes": {"LineHeight": 12.125}}, {"Bounds": [420.3800048828125, 247.1031951904297, 434.86000061035156, 256.55824279785156], "ClipBounds": [420.3800048828125, 247.1031951904297, 434.86000061035156, 256.55824279785156], "Page": 0, "Path": "//Document/Sect/Table[3]/TR[5]/TD[3]", "attributes": {"BBox": [413.74299999998766, 231.6229999999996, 481.8999999999942, 265.22099999999045], "BlockAlign": "Middle", "BorderColor": [0, 0, 0], "BorderStyle": "Solid", "BorderThickness": 0.25, "ColIndex": 2, "Height": 33.625, "InlineAlign": "Start", "RowIndex": 4, "Width": 68.125}}, {"Bounds": [420.3800048828125, 247.1031951904297, 434.86000061035156, 256.55824279785156], "ClipBounds": [420.3800048828125, 247.1031951904297, 434.86000061035156, 256.55824279785156], "Font": {"alt_family_name": "Arial", "embedded": true, "encoding": "WinAnsiEncoding", "family_name": "Arial MT", "font_type": "TrueType", "italic": false, "monospaced": false, "name": "UGRTPZ+ArialMT", "subset": true, "weight": 400}, "HasClip": true, "Lang": "en", "Page": 0, "Path": "//Document/Sect/Table[3]/TR[5]/TD[3]/P", "Text": "83 ", "TextSize": 10.080001831054688, "attributes": {"LineHeight": 12.125}}, {"Bounds": [487.00999450683594, 247.1031951904297, 517.7280731201172, 256.55824279785156], "ClipBounds": [487.00999450683594, 247.1031951904297, 517.7280731201172, 256.55824279785156], "Page": 0, "Path": "//Document/Sect/Table[3]/TR[5]/TD[4]", "attributes": {"BBox": [481.41999999999825, 231.6229999999996, 541.417999999976, 265.22099999999045], "BlockAlign": "Middle", "BorderColor": [0, 0, 0], "BorderStyle": "Solid", "BorderThickness": [0.25, 0.25, 0.25, 0.5], "ColIndex": 3, "Height": 33.625, "InlineAlign": "Start", "RowIndex": 4, "Width": 60}}, {"Bounds": [487.00999450683594, 247.1031951904297, 517.7280731201172, 256.55824279785156], "ClipBounds": [487.00999450683594, 247.1031951904297, 517.7280731201172, 256.55824279785156], "Font": {"alt_family_name": "Arial", "embedded": true, "encoding": "WinAnsiEncoding", "family_name": "Arial MT", "font_type": "TrueType", "italic": false, "monospaced": false, "name": "UGRTPZ+ArialMT", "subset": true, "weight": 400}, "HasClip": true, "Lang": "en", "Page": 0, "Path": "//Document/Sect/Table[3]/TR[5]/TD[4]/P", "Text": "$5810 ", "TextSize": 10.080001831054688, "attributes": {"LineHeight": 12.125}}, {"Bounds": [77.447998046875, 213.26319885253906, 189.17471313476562, 222.71824645996094], "ClipBounds": [77.447998046875, 213.26319885253906, 189.17471313476562, 222.71824645996094], "Page": 0, "Path": "//Document/Sect/Table[3]/TR[6]/TD", "attributes": {"BBox": [71.5170999999973, 197.0639999999985, 358.0649999999878, 232.10299999999552], "BlockAlign": "Middle", "BorderColor": [0, 0, 0], "BorderStyle": "Solid", "BorderThickness": [0.25, 0.25, 0.5, 0.25], "ColIndex": 0, "Height": 35, "InlineAlign": "Start", "RowIndex": 5, "Width": 286.375}}, {"Bounds": [77.447998046875, 213.26319885253906, 189.17471313476562, 222.71824645996094], "ClipBounds": [77.447998046875, 213.26319885253906, 189.17471313476562, 222.71824645996094], "Font": {"alt_family_name": "Arial", "embedded": true, "encoding": "WinAnsiEncoding", "family_name": "Arial MT", "font_type": "TrueType", "italic": false, "monospaced": false, "name": "UGRTPZ+ArialMT", "subset": true, "weight": 400}, "HasClip": true, "Lang": "en", "Page": 0, "Path": "//Document/Sect/Table[3]/TR[6]/TD/P", "Text": "Fantastic Frozen Towels ", "TextSize": 10.080001831054688, "attributes": {"LineHeight": 12.125}}, {"Bounds": [363.82000732421875, 213.26319885253906, 378.3000030517578, 222.71824645996094], "ClipBounds": [363.82000732421875, 213.26319885253906, 378.3000030517578, 222.71824645996094], "Page": 0, "Path": "//Document/Sect/Table[3]/TR[6]/TD[2]", "attributes": {"BBox": [357.58499999999185, 197.0639999999985, 414.22299999999814, 232.10299999999552], "BlockAlign": "Middle", "BorderColor": [0, 0, 0], "BorderStyle": "Solid", "BorderThickness": 0.25, "ColIndex": 1, "Height": 35, "InlineAlign": "Start", "RowIndex": 5, "Width": 56.625}}, {"Bounds": [363.82000732421875, 213.26319885253906, 378.3000030517578, 222.71824645996094], "ClipBounds": [363.82000732421875, 213.26319885253906, 378.3000030517578, 222.71824645996094], "Font": {"alt_family_name": "Arial", "embedded": true, "encoding": "WinAnsiEncoding", "family_name": "Arial MT", "font_type": "TrueType", "italic": false, "monospaced": false, "name": "UGRTPZ+ArialMT", "subset": true, "weight": 400}, "HasClip": true, "Lang": "en", "Page": 0, "Path": "//Document/Sect/Table[3]/TR[6]/TD[2]/P", "Text": "65 ", "TextSize": 10.080001831054688, "attributes": {"LineHeight": 12.125}}, {"Bounds": [420.3800048828125, 213.26319885253906, 434.86000061035156, 222.71824645996094], "ClipBounds": [420.3800048828125, 213.26319885253906, 434.86000061035156, 222.71824645996094], "Page": 0, "Path": "//Document/Sect/Table[3]/TR[6]/TD[3]", "attributes": {"BBox": [413.74299999998766, 197.0639999999985, 481.8999999999942, 232.10299999999552], "BlockAlign": "Middle", "BorderColor": [0, 0, 0], "BorderStyle": "Solid", "BorderThickness": 0.25, "ColIndex": 2, "Height": 35, "InlineAlign": "Start", "RowIndex": 5, "Width": 68.125}}, {"Bounds": [420.3800048828125, 213.26319885253906, 434.86000061035156, 222.71824645996094], "ClipBounds": [420.3800048828125, 213.26319885253906, 434.86000061035156, 222.71824645996094], "Font": {"alt_family_name": "Arial", "embedded": true, "encoding": "WinAnsiEncoding", "family_name": "Arial MT", "font_type": "TrueType", "italic": false, "monospaced": false, "name": "UGRTPZ+ArialMT", "subset": true, "weight": 400}, "HasClip": true, "Lang": "en", "Page": 0, "Path": "//Document/Sect/Table[3]/TR[6]/TD[3]/P", "Text": "19 ", "TextSize": 10.080001831054688, "attributes": {"LineHeight": 12.125}}, {"Bounds": [487.00999450683594, 213.26319885253906, 517.7280731201172, 222.71824645996094], "ClipBounds": [487.00999450683594, 213.26319885253906, 517.7280731201172, 222.71824645996094], "Page": 0, "Path": "//Document/Sect/Table[3]/TR[6]/TD[4]", "attributes": {"BBox": [481.41999999999825, 197.0639999999985, 541.417999999976, 232.10299999999552], "BlockAlign": "Middle", "BorderColor": [0, 0, 0], "BorderStyle": "Solid", "BorderThickness": [0.25, 0.25, 0.25, 0.5], "ColIndex": 3, "Height": 35, "InlineAlign": "Start", "RowIndex": 5, "Width": 60}}, {"Bounds": [487.00999450683594, 213.26319885253906, 517.7280731201172, 222.71824645996094], "ClipBounds": [487.00999450683594, 213.26319885253906, 517.7280731201172, 222.71824645996094], "Font": {"alt_family_name": "Arial", "embedded": true, "encoding": "WinAnsiEncoding", "family_name": "Arial MT", "font_type": "TrueType", "italic": false, "monospaced": false, "name": "UGRTPZ+ArialMT", "subset": true, "weight": 400}, "HasClip": true, "Lang": "en", "Page": 0, "Path": "//Document/Sect/Table[3]/TR[6]/TD[4]/P", "Text": "$1235 ", "TextSize": 10.080001831054688, "attributes": {"LineHeight": 12.125}}, {"Bounds": [77.447998046875, 179.75320434570312, 153.09840393066406, 189.20823669433594], "ClipBounds": [77.447998046875, 179.75320434570312, 153.09840393066406, 189.20823669433594], "Page": 0, "Path": "//Document/Sect/Table[3]/TR[7]/TD", "attributes": {"BBox": [71.5170999999973, 162.02599999999802, 358.0649999999878, 197.5439999999944], "BlockAlign": "Middle", "BorderColor": [0, 0, 0], "BorderStyle": "Solid", "BorderThickness": [0.25, 0.625, 0.5, 0.25], "ColIndex": 0, "Height": 35.5, "InlineAlign": "Start", "RowIndex": 6, "Width": 286.375}}, {"Bounds": [77.447998046875, 179.75320434570312, 153.09840393066406, 189.20823669433594], "ClipBounds": [77.447998046875, 179.75320434570312, 153.09840393066406, 189.20823669433594], "Font": {"alt_family_name": "Arial", "embedded": true, "encoding": "WinAnsiEncoding", "family_name": "Arial MT", "font_type": "TrueType", "italic": false, "monospaced": false, "name": "UGRTPZ+ArialMT", "subset": true, "weight": 400}, "HasClip": true, "Lang": "en", "Page": 0, "Path": "//Document/Sect/Table[3]/TR[7]/TD/P", "Text": "Small Soft Pizza ", "TextSize": 10.080001831054688, "attributes": {"LineHeight": 12.125}}, {"Bounds": [363.82000732421875, 179.75320434570312, 378.3000030517578, 189.20823669433594], "ClipBounds": [363.82000732421875, 179.75320434570312, 378.3000030517578, 189.20823669433594], "Page": 0, "Path": "//Document/Sect/Table[3]/TR[7]/TD[2]", "attributes": {"BBox": [357.58499999999185, 162.02599999999802, 414.22299999999814, 197.5439999999944], "BlockAlign": "Middle", "BorderColor": [0, 0, 0], "BorderStyle": "Solid", "BorderThickness": [0.25, 0.625, 0.25, 0.25], "ColIndex": 1, "Height": 35.5, "InlineAlign": "Start", "RowIndex": 6, "Width": 56.625}}, {"Bounds": [363.82000732421875, 179.75320434570312, 378.3000030517578, 189.20823669433594], "ClipBounds": [363.82000732421875, 179.75320434570312, 378.3000030517578, 189.20823669433594], "Font": {"alt_family_name": "Arial", "embedded": true, "encoding": "WinAnsiEncoding", "family_name": "Arial MT", "font_type": "TrueType", "italic": false, "monospaced": false, "name": "UGRTPZ+ArialMT", "subset": true, "weight": 400}, "HasClip": true, "Lang": "en", "Page": 0, "Path": "//Document/Sect/Table[3]/TR[7]/TD[2]/P", "Text": "58 ", "TextSize": 10.080001831054688, "attributes": {"LineHeight": 12.125}}, {"Bounds": [420.3800048828125, 179.75320434570312, 434.86000061035156, 189.20823669433594], "ClipBounds": [420.3800048828125, 179.75320434570312, 434.86000061035156, 189.20823669433594], "Page": 0, "Path": "//Document/Sect/Table[3]/TR[7]/TD[3]", "attributes": {"BBox": [413.74299999998766, 162.02599999999802, 481.8999999999942, 197.5439999999944], "BlockAlign": "Middle", "BorderColor": [0, 0, 0], "BorderStyle": "Solid", "BorderThickness": [0.25, 0.625, 0.25, 0.25], "ColIndex": 2, "Height": 35.5, "InlineAlign": "Start", "RowIndex": 6, "Width": 68.125}}, {"Bounds": [420.3800048828125, 179.75320434570312, 434.86000061035156, 189.20823669433594], "ClipBounds": [420.3800048828125, 179.75320434570312, 434.86000061035156, 189.20823669433594], "Font": {"alt_family_name": "Arial", "embedded": true, "encoding": "WinAnsiEncoding", "family_name": "Arial MT", "font_type": "TrueType", "italic": false, "monospaced": false, "name": "UGRTPZ+ArialMT", "subset": true, "weight": 400}, "HasClip": true, "Lang": "en", "Page": 0, "Path": "//Document/Sect/Table[3]/TR[7]/TD[3]/P", "Text": "90 ", "TextSize": 10.080001831054688, "attributes": {"LineHeight": 12.125}}, {"Bounds": [487.00999450683594, 179.75320434570312, 517.7280731201172, 189.20823669433594], "ClipBounds": [487.00999450683594, 179.75320434570312, 517.7280731201172, 189.20823669433594], "Page": 0, "Path": "//Document/Sect/Table[3]/TR[7]/TD[4]", "attributes": {"BBox": [481.41999999999825, 162.02599999999802, 541.417999999976, 197.5439999999944], "BlockAlign": "Middle", "BorderColor": [0, 0, 0], "BorderStyle": "Solid", "BorderThickness": [0.25, 0.625, 0.25, 0.5], "ColIndex": 3, "Height": 35.5, "InlineAlign": "Start", "RowIndex": 6, "Width": 60}}, {"Bounds": [487.00999450683594, 179.75320434570312, 517.7280731201172, 189.20823669433594], "ClipBounds": [487.00999450683594, 179.75320434570312, 517.7280731201172, 189.20823669433594], "Font": {"alt_family_name": "Arial", "embedded": true, "encoding": "WinAnsiEncoding", "family_name": "Arial MT", "font_type": "TrueType", "italic": false, "monospaced": false, "name": "UGRTPZ+ArialMT", "subset": true, "weight": 400}, "HasClip": true, "Lang": "en", "Page": 0, "Path": "//Document/Sect/Table[3]/TR[7]/TD[4]/P", "Text": "$5220 ", "TextSize": 10.080001831054688, "attributes": {"LineHeight": 12.125}}, {"Bounds": [77.447998046875, 99.81320190429688, 120.4593505859375, 109.26823425292969], "ClipBounds": [77.447998046875, 99.81320190429688, 120.4593505859375, 109.26823425292969], "Font": {"alt_family_name": "Arial", "embedded": true, "encoding": "WinAnsiEncoding", "family_name": "Arial", "font_type": "TrueType", "italic": false, "monospaced": false, "name": "KETLFT+Arial-BoldMT", "subset": true, "weight": 700}, "HasClip": true, "Lang": "en", "Page": 0, "Path": "//Document/Sect/P[5]", "Text": "Subtotal ", "TextSize": 10.080001831054688, "attributes": {"LineHeight": 12.125, "SpaceAfter": 4.125}}, {"Bounds": [485.92999267578125, 99.81320190429688, 522.3792724609375, 109.26823425292969], "ClipBounds": [485.92999267578125, 99.81320190429688, 522.3792724609375, 109.26823425292969], "Font": {"alt_family_name": "Arial", "embedded": true, "encoding": "WinAnsiEncoding", "family_name": "Arial MT", "font_type": "TrueType", "italic": false, "monospaced": false, "name": "UGRTPZ+ArialMT", "subset": true, "weight": 400}, "HasClip": true, "Lang": "en", "Page": 0, "Path": "//Document/Sect/P[6]", "Text": "$23064 ", "TextSize": 10.080001831054688, "attributes": {"LineHeight": 12.125}}, {"Bounds": [77.447998046875, 702.3531951904297, 109.73143005371094, 711.8082427978516], "ClipBounds": [77.447998046875, 702.3531951904297, 109.73143005371094, 711.8082427978516], "Font": {"alt_family_name": "Arial", "embedded": true, "encoding": "WinAnsiEncoding", "family_name": "Arial", "font_type": "TrueType", "italic": false, "monospaced": false, "name": "KETLFT+Arial-BoldMT", "subset": true, "weight": 700}, "HasClip": true, "Lang": "en", "Page": 1, "Path": "//Document/Sect/P[7]", "Text": "Tax % ", "TextSize": 10.080001831054688, "attributes": {"LineHeight": 12.125}}, {"Bounds": [485.92999267578125, 702.3531951904297, 500.4100036621094, 711.8082427978516], "ClipBounds": [485.92999267578125, 702.3531951904297, 500.4100036621094, 711.8082427978516], "Font": {"alt_family_name": "Arial", "embedded": true, "encoding": "WinAnsiEncoding", "family_name": "Arial MT", "font_type": "TrueType", "italic": false, "monospaced": false, "name": "UGRTPZ+ArialMT", "subset": true, "weight": 400}, "HasClip": true, "Lang": "en", "Page": 1, "Path": "//Document/Sect/P[8]", "Text": "10 ", "TextSize": 10.080001831054688, "attributes": {"LineHeight": 12.125}}, {"Bounds": [77.447998046875, 605.1031951904297, 126.14447021484375, 614.5582427978516], "ClipBounds": [77.447998046875, 605.1031951904297, 126.14447021484375, 614.5582427978516], "Font": {"alt_family_name": "Arial", "embedded": true, "encoding": "WinAnsiEncoding", "family_name": "Arial", "font_type": "TrueType", "italic": false, "monospaced": false, "name": "KETLFT+Arial-BoldMT", "subset": true, "weight": 700}, "HasClip": true, "Lang": "en", "Page": 1, "Path": "//Document/Sect/P[9]", "Text": "Total Due ", "TextSize": 10.080001831054688, "attributes": {"LineHeight": 12.125}}, {"Bounds": [485.92999267578125, 602.8099975585938, 526.1329956054688, 611.2519989013672], "ClipBounds": [485.92999267578125, 602.8099975585938, 526.1329956054688, 611.2519989013672], "Font": {"alt_family_name": "Arial", "embedded": true, "encoding": "WinAnsiEncoding", "family_name": "Arial MT", "font_type": "TrueType", "italic": false, "monospaced": false, "name": "UGRTPZ+ArialMT", "subset": true, "weight": 400}, "HasClip": true, "Lang": "en", "Page": 1, "Path": "//Document/Sect/P[10]", "Text": "$25370.4 ", "TextSize": 9.0, "attributes": {"LineHeight": 10.75, "TextAlign": "End"}}], "pages": [{"boxes": {"CropBox": [0.0, 0.0, 612.0, 792.0], "MediaBox": [0.0, 0.0, 612.0, 792.0]}, "height": 792.0, "is_scanned": false, "page_number": 0, "rotation": 0, "width": 612.0}, {"boxes": {"CropBox": [0.0, 0.0, 612.0, 792.0], "MediaBox": [0.0, 0.0, 612.0, 792.0]}, "height": 792.0, "is_scanned": false, "page_number": 1, "rotation": 0, "width": 612.0}]}