{"version": {"json_export": "187", "page_segmentation": "5", "schema": "1.1.0", "structure": "1.1036.0", "table_structure": "5"}, "extended_metadata": {"ID_instance": "23 99 5C 8D 3F B7 B2 11 0A 00 67 45 8B 6B C6 23 ", "ID_permanent": "43 33 20 43 38 20 35 39 20 38 44 20 33 46 20 42 37 20 42 32 20 31 31 20 30 41 20 30 30 20 36 37 20 34 35 20 38 42 20 36 42 20 43 36 20 32 33 20 ", "pdf_version": "1.6", "pdfa_compliance_level": "", "is_encrypted": false, "has_acroform": false, "is_digitally_signed": false, "pdfua_compliance_level": "", "page_count": 2, "has_embedded_files": false, "is_certified": false, "is_XFA": false, "language": "en-US"}, "elements": [{"Bounds": [76.72799682617188, 734.4232025146484, 171.43968200683594, 743.8782348632812], "ClipBounds": [76.72799682617188, 734.4232025146484, 171.43968200683594, 743.8782348632812], "Font": {"alt_family_name": "Arial", "embedded": true, "encoding": "WinAnsiEncoding", "family_name": "Arial", "font_type": "TrueType", "italic": false, "monospaced": false, "name": "WKILDQ+Arial-BoldMT", "subset": true, "weight": 700}, "HasClip": true, "Page": 0, "Path": "//Document/Sect/P/Sub", "Text": "NearBy Electronics ", "TextSize": 10.080001831054688, "attributes": {"Placement": "Block"}}, {"Bounds": [76.72799682617188, 721.1031951904297, 214.52447509765625, 730.5582427978516], "ClipBounds": [76.72799682617188, 721.1031951904297, 214.52447509765625, 730.5582427978516], "Font": {"alt_family_name": "Arial", "embedded": true, "encoding": "WinAnsiEncoding", "family_name": "Arial MT", "font_type": "TrueType", "italic": false, "monospaced": false, "name": "GHGONW+ArialMT", "subset": true, "weight": 400}, "HasClip": true, "Page": 0, "Path": "//Document/Sect/P/Sub[2]", "Text": "3741 Glory Road, Jamestown, ", "TextSize": 10.080001831054688, "attributes": {"Placement": "Block"}}, {"Bounds": [76.72799682617188, 708.1132049560547, 155.30166625976562, 717.5682373046875], "ClipBounds": [76.72799682617188, 708.1132049560547, 155.30166625976562, 717.5682373046875], "Font": {"alt_family_name": "Arial", "embedded": true, "encoding": "WinAnsiEncoding", "family_name": "Arial MT", "font_type": "TrueType", "italic": false, "monospaced": false, "name": "GHGONW+ArialMT", "subset": true, "weight": 400}, "HasClip": true, "Page": 0, "Path": "//Document/Sect/P/Sub[3]", "Text": "Tennessee, USA ", "TextSize": 10.080001831054688, "attributes": {"Placement": "Block"}}, {"Bounds": [76.72799682617188, 694.7931976318359, 107.43167114257812, 704.2482452392578], "ClipBounds": [76.72799682617188, 694.7931976318359, 107.43167114257812, 704.2482452392578], "Font": {"alt_family_name": "Arial", "embedded": true, "encoding": "WinAnsiEncoding", "family_name": "Arial MT", "font_type": "TrueType", "italic": false, "monospaced": false, "name": "GHGONW+ArialMT", "subset": true, "weight": 400}, "HasClip": true, "Page": 0, "Path": "//Document/Sect/P/Sub[4]", "Text": "38556 ", "TextSize": 10.080001831054688, "attributes": {"Placement": "Block"}}, {"Bounds": [379.67999267578125, 721.1031951904297, 543.174560546875, 730.5582427978516], "ClipBounds": [379.67999267578125, 721.1031951904297, 543.174560546875, 730.5582427978516], "Font": {"alt_family_name": "Arial", "embedded": true, "encoding": "WinAnsiEncoding", "family_name": "Arial", "font_type": "TrueType", "italic": false, "monospaced": false, "name": "WKILDQ+Arial-BoldMT", "subset": true, "weight": 700}, "HasClip": true, "Page": 0, "Path": "//Document/Sect[2]/H1/Sub", "Text": "Invoice# MK495804UZ2P32RXD77 ", "TextSize": 10.080001831054688, "attributes": {"Placement": "Block"}}, {"Bounds": [491.3300018310547, 708.1132049560547, 543.2117614746094, 717.5682373046875], "ClipBounds": [491.3300018310547, 708.1132049560547, 543.2117614746094, 717.5682373046875], "Font": {"alt_family_name": "Arial", "embedded": true, "encoding": "WinAnsiEncoding", "family_name": "Arial", "font_type": "TrueType", "italic": false, "monospaced": false, "name": "WKILDQ+Arial-BoldMT", "subset": true, "weight": 700}, "HasClip": true, "Page": 0, "Path": "//Document/Sect[2]/H1/Sub[2]", "Text": "Issue date ", "TextSize": 10.080001831054688, "attributes": {"Placement": "Block"}}, {"Bounds": [489.1699981689453, 694.7931976318359, 543.3080749511719, 704.2482452392578], "ClipBounds": [489.1699981689453, 694.7931976318359, 543.3080749511719, 704.2482452392578], "Font": {"alt_family_name": "Arial", "embedded": true, "encoding": "WinAnsiEncoding", "family_name": "Arial MT", "font_type": "TrueType", "italic": false, "monospaced": false, "name": "GHGONW+ArialMT", "subset": true, "weight": 400}, "HasClip": true, "Page": 0, "Path": "//Document/Sect[2]/H1/Sub[3]", "Text": "12-05-2023 ", "TextSize": 10.080001831054688, "attributes": {"Placement": "Block"}}, {"Bounds": [76.72799682617188, 649.9085540771484, 295.7052459716797, 673.2309875488281], "ClipBounds": [76.72799682617188, 649.9085540771484, 295.7052459716797, 673.2309875488281], "Font": {"alt_family_name": "Arial", "embedded": true, "encoding": "WinAnsiEncoding", "family_name": "Arial MT", "font_type": "TrueType", "italic": false, "monospaced": false, "name": "GHGONW+ArialMT", "subset": true, "weight": 400}, "HasClip": true, "Lang": "en", "Page": 0, "Path": "//Document/Sect[3]/H1", "Text": "NearBy Electronics ", "TextSize": 24.863998413085938, "attributes": {"LineHeight": 29.875}}, {"Bounds": [76.72799682617188, 633.9331970214844, 460.8868713378906, 643.3882446289062], "ClipBounds": [76.72799682617188, 633.9331970214844, 460.8868713378906, 643.3882446289062], "Font": {"alt_family_name": "Arial", "embedded": true, "encoding": "WinAnsiEncoding", "family_name": "Arial MT", "font_type": "TrueType", "italic": false, "monospaced": false, "name": "GHGONW+ArialMT", "subset": true, "weight": 400}, "HasClip": true, "Lang": "en", "Page": 0, "Path": "//Document/Sect[3]/P", "Text": "We are here to serve you better. Reach out to us in case of any concern or feedbacks. ", "TextSize": 10.080001831054688, "attributes": {"SpaceAfter": 18}}, {"Bounds": [81.04800415039062, 501.7431945800781, 513.0480804443359, 590.438232421875], "ClipBounds": [81.04800415039062, 501.7431945800781, 513.0480804443359, 590.438232421875], "Page": 0, "Path": "//Document/Sect[3]/Table", "attributes": {"BBox": [80.99669999999969, 501.73199999998906, 558.2169999999751, 588.9679999999935], "NumCol": 3, "NumRow": 5, "Placement": "Block", "SpaceAfter": 18}}, {"Bounds": [81.04800415039062, 580.9832000732422, 122.99087524414062, 590.438232421875], "ClipBounds": [81.04800415039062, 580.9832000732422, 122.99087524414062, 590.438232421875], "Page": 0, "Path": "//Document/Sect[3]/Table/TR/TH", "attributes": {"BBox": [80.99669999999969, 580.3289999999979, 213.11099999999715, 588.9679999999935], "BlockAlign": "Before", "ColIndex": 0, "Height": 8.625, "InlineAlign": "Start", "RowIndex": 0, "Width": 132.125}}, {"Bounds": [81.04800415039062, 580.9832000732422, 122.99087524414062, 590.438232421875], "ClipBounds": [81.04800415039062, 580.9832000732422, 122.99087524414062, 590.438232421875], "Font": {"alt_family_name": "Arial", "embedded": true, "encoding": "WinAnsiEncoding", "family_name": "Arial", "font_type": "TrueType", "italic": false, "monospaced": false, "name": "WKILDQ+Arial-BoldMT", "subset": true, "weight": 700}, "HasClip": true, "Lang": "en", "Page": 0, "Path": "//Document/Sect[3]/Table/TR/TH/P", "Text": "BILL TO ", "TextSize": 10.080001831054688, "attributes": {"LineHeight": 12.125}}, {"Bounds": [240.25999450683594, 580.9832000732422, 286.1240692138672, 590.438232421875], "ClipBounds": [240.25999450683594, 580.9832000732422, 286.1240692138672, 590.438232421875], "Page": 0, "Path": "//Document/Sect[3]/Table/TR/TH[2]", "attributes": {"BBox": [213.11099999999715, 580.3289999999979, 403.903999999995, 588.9679999999935], "BlockAlign": "Before", "ColIndex": 1, "Height": 8.625, "InlineAlign": "Start", "RowIndex": 0, "Width": 190.75}}, {"Bounds": [240.25999450683594, 580.9832000732422, 286.1240692138672, 590.438232421875], "ClipBounds": [240.25999450683594, 580.9832000732422, 286.1240692138672, 590.438232421875], "Font": {"alt_family_name": "Arial", "embedded": true, "encoding": "WinAnsiEncoding", "family_name": "Arial", "font_type": "TrueType", "italic": false, "monospaced": false, "name": "WKILDQ+Arial-BoldMT", "subset": true, "weight": 700}, "HasClip": true, "Lang": "en", "Page": 0, "Path": "//Document/Sect[3]/Table/TR/TH[2]/P", "Text": "DETAILS ", "TextSize": 10.080001831054688, "attributes": {"LineHeight": 12.125}}, {"Bounds": [412.8000030517578, 580.9832000732422, 464.58103942871094, 590.438232421875], "ClipBounds": [412.8000030517578, 580.9832000732422, 464.58103942871094, 590.438232421875], "Page": 0, "Path": "//Document/Sect[3]/Table/TR/TH[3]", "attributes": {"BBox": [403.903999999995, 580.3289999999979, 558.2169999999751, 588.9679999999935], "BlockAlign": "Before", "ColIndex": 2, "Height": 8.625, "InlineAlign": "Start", "RowIndex": 0, "Width": 154.375}}, {"Bounds": [412.8000030517578, 580.9832000732422, 464.58103942871094, 590.438232421875], "ClipBounds": [412.8000030517578, 580.9832000732422, 464.58103942871094, 590.438232421875], "Font": {"alt_family_name": "Arial", "embedded": true, "encoding": "WinAnsiEncoding", "family_name": "Arial", "font_type": "TrueType", "italic": false, "monospaced": false, "name": "WKILDQ+Arial-BoldMT", "subset": true, "weight": 700}, "HasClip": true, "Lang": "en", "Page": 0, "Path": "//Document/Sect[3]/Table/TR/TH[3]/P", "Text": "PAYMENT ", "TextSize": 10.080001831054688, "attributes": {"LineHeight": 12.125}}, {"Bounds": [81.04800415039062, 567.6631927490234, 162.4339141845703, 577.1182403564453], "ClipBounds": [81.04800415039062, 567.6631927490234, 162.4339141845703, 577.1182403564453], "Page": 0, "Path": "//Document/Sect[3]/Table/TR[2]/TD", "attributes": {"BBox": [80.99669999999969, 565.9289999999746, 213.11099999999715, 580.3289999999979], "BlockAlign": "Middle", "ColIndex": 0, "Height": 14.375, "InlineAlign": "Start", "RowIndex": 1, "Width": 132.125}}, {"Bounds": [81.04800415039062, 567.6631927490234, 162.4339141845703, 577.1182403564453], "ClipBounds": [81.04800415039062, 567.6631927490234, 162.4339141845703, 577.1182403564453], "Font": {"alt_family_name": "Arial", "embedded": true, "encoding": "WinAnsiEncoding", "family_name": "Arial MT", "font_type": "TrueType", "italic": false, "monospaced": false, "name": "GHGONW+ArialMT", "subset": true, "weight": 400}, "HasClip": true, "Lang": "en", "Page": 0, "Path": "//Document/Sect[3]/Table/TR[2]/TD/P", "Text": "Candace Gerhold ", "TextSize": 10.080001831054688, "attributes": {"LineHeight": 12.125}}, {"Bounds": [240.25999450683594, 567.6631927490234, 366.9756774902344, 577.1182403564453], "ClipBounds": [240.25999450683594, 567.6631927490234, 366.9756774902344, 577.1182403564453], "Page": 0, "Path": "//Document/Sect[3]/Table/TR[2]/TD[2]", "attributes": {"BBox": [213.11099999999715, 565.9289999999746, 403.903999999995, 580.3289999999979], "BlockAlign": "Middle", "ColIndex": 1, "Height": 14.375, "InlineAlign": "Start", "RowIndex": 1, "Width": 190.75}}, {"Bounds": [240.25999450683594, 567.6631927490234, 366.9756774902344, 577.1182403564453], "ClipBounds": [240.25999450683594, 567.6631927490234, 366.9756774902344, 577.1182403564453], "Font": {"alt_family_name": "Arial", "embedded": true, "encoding": "WinAnsiEncoding", "family_name": "Arial MT", "font_type": "TrueType", "italic": false, "monospaced": false, "name": "GHGONW+ArialMT", "subset": true, "weight": 400}, "HasClip": true, "Lang": "en", "Page": 0, "Path": "//Document/Sect[3]/Table/TR[2]/TD[2]/P", "Text": "ipsum incididunt qui nostrud ", "TextSize": 10.080001831054688, "attributes": {"LineHeight": 12.125}}, {"Bounds": [412.8000030517578, 567.6631927490234, 513.0480804443359, 577.1182403564453], "ClipBounds": [412.8000030517578, 567.6631927490234, 513.0480804443359, 577.1182403564453], "Page": 0, "Path": "//Document/Sect[3]/Table/TR[2]/TD[3]", "attributes": {"BBox": [403.903999999995, 565.9289999999746, 558.2169999999751, 580.3289999999979], "BlockAlign": "Middle", "ColIndex": 2, "Height": 14.375, "InlineAlign": "Start", "RowIndex": 1, "Width": 154.375}}, {"Bounds": [412.8000030517578, 567.6631927490234, 513.0480804443359, 577.1182403564453], "ClipBounds": [412.8000030517578, 567.6631927490234, 513.0480804443359, 577.1182403564453], "Font": {"alt_family_name": "Arial", "embedded": true, "encoding": "WinAnsiEncoding", "family_name": "Arial MT", "font_type": "TrueType", "italic": false, "monospaced": false, "name": "GHGONW+ArialMT", "subset": true, "weight": 400}, "HasClip": true, "Lang": "en", "Page": 0, "Path": "//Document/Sect[3]/Table/TR[2]/TD[3]/P", "Text": "Due date: 28-06-2023 ", "TextSize": 10.080001831054688, "attributes": {"LineHeight": 12.125}}, {"Bounds": [81.04800415039062, 554.6831970214844, 188.62168884277344, 564.1382446289062], "ClipBounds": [81.04800415039062, 554.6831970214844, 188.62168884277344, 564.1382446289062], "Page": 0, "Path": "//Document/Sect[3]/Table/TR[3]/TD", "attributes": {"BBox": [80.99669999999969, 552.9699999999721, 213.11099999999715, 565.9289999999746], "BlockAlign": "Middle", "ColIndex": 0, "Height": 13, "InlineAlign": "Start", "RowIndex": 2, "Width": 132.125}}, {"Bounds": [81.04800415039062, 554.6831970214844, 188.62168884277344, 564.1382446289062], "ClipBounds": [81.04800415039062, 554.6831970214844, 188.62168884277344, 564.1382446289062], "Font": {"alt_family_name": "Arial", "embedded": true, "encoding": "WinAnsiEncoding", "family_name": "Arial MT", "font_type": "TrueType", "italic": false, "monospaced": false, "name": "GHGONW+ArialMT", "subset": true, "weight": 400}, "HasClip": true, "Lang": "en", "Page": 0, "Path": "//Document/Sect[3]/Table/TR[3]/TD/P", "Text": "Candace3@yahoo.com ", "TextSize": 10.080001831054688, "attributes": {"LineHeight": 12.125}}, {"Bounds": [240.25999450683594, 554.6831970214844, 355.44415283203125, 564.1382446289062], "ClipBounds": [240.25999450683594, 554.6831970214844, 355.44415283203125, 564.1382446289062], "Page": 0, "Path": "//Document/Sect[3]/Table/TR[3]/TD[2]", "attributes": {"BBox": [213.11099999999715, 552.9699999999721, 403.903999999995, 565.9289999999746], "BlockAlign": "Middle", "ColIndex": 1, "Height": 13, "InlineAlign": "Start", "RowIndex": 2, "Width": 190.75}}, {"Bounds": [240.25999450683594, 554.6831970214844, 355.44415283203125, 564.1382446289062], "ClipBounds": [240.25999450683594, 554.6831970214844, 355.44415283203125, 564.1382446289062], "Font": {"alt_family_name": "Arial", "embedded": true, "encoding": "WinAnsiEncoding", "family_name": "Arial MT", "font_type": "TrueType", "italic": false, "monospaced": false, "name": "GHGONW+ArialMT", "subset": true, "weight": 400}, "HasClip": true, "Lang": "en", "Page": 0, "Path": "//Document/Sect[3]/Table/TR[3]/TD[2]/P", "Text": "nostrud minim adipisicing ", "TextSize": 10.080001831054688, "attributes": {"LineHeight": 12.125}}, {"Path": "//Document/Sect[3]/Table/TR[3]/TD[3]", "attributes": {"BBox": [403.903999999995, 552.9699999999721, 558.2169999999751, 565.9289999999746], "BlockAlign": "Before", "ColIndex": 2, "Height": 13, "InlineAlign": "Start", "RowIndex": 2, "Width": 154.375}}, {"Bounds": [81.04800415039062, 528.0431976318359, 149.1484832763672, 550.8182373046875], "ClipBounds": [81.04800415039062, 528.0431976318359, 149.1484832763672, 550.8182373046875], "Page": 0, "Path": "//Document/Sect[3]/Table/TR[4]/TD", "attributes": {"BBox": [80.99669999999969, 527.0509999999776, 213.11099999999715, 552.9699999999721], "BlockAlign": "Middle", "ColIndex": 0, "Height": 25.875, "InlineAlign": "Start", "RowIndex": 3, "Width": 132.125}}, {"Bounds": [81.04800415039062, 541.3632049560547, 146.34808349609375, 550.8182373046875], "ClipBounds": [81.04800415039062, 541.3632049560547, 146.34808349609375, 550.8182373046875], "Font": {"alt_family_name": "Arial", "embedded": true, "encoding": "WinAnsiEncoding", "family_name": "Arial MT", "font_type": "TrueType", "italic": false, "monospaced": false, "name": "GHGONW+ArialMT", "subset": true, "weight": 400}, "HasClip": true, "Page": 0, "Path": "//Document/Sect[3]/Table/TR[4]/TD/P/Sub", "Text": "633-008-6596 ", "TextSize": 10.080001831054688, "attributes": {"Placement": "Block"}}, {"Bounds": [81.04800415039062, 528.0431976318359, 149.1484832763672, 537.4982452392578], "ClipBounds": [81.04800415039062, 528.0431976318359, 149.1484832763672, 537.4982452392578], "Font": {"alt_family_name": "Arial", "embedded": true, "encoding": "WinAnsiEncoding", "family_name": "Arial MT", "font_type": "TrueType", "italic": false, "monospaced": false, "name": "GHGONW+ArialMT", "subset": true, "weight": 400}, "HasClip": true, "Page": 0, "Path": "//Document/Sect[3]/Table/TR[4]/TD/P/Sub[2]", "Text": "533 Hintz Pine ", "TextSize": 10.080001831054688, "attributes": {"Placement": "Block"}}, {"Bounds": [240.25999450683594, 528.0431976318359, 373.0539093017578, 550.8182373046875], "ClipBounds": [240.25999450683594, 528.0431976318359, 373.0539093017578, 550.8182373046875], "Page": 0, "Path": "//Document/Sect[3]/Table/TR[4]/TD[2]", "attributes": {"BBox": [213.11099999999715, 527.0509999999776, 403.903999999995, 552.9699999999721], "BlockAlign": "Middle", "ColIndex": 1, "Height": 25.875, "InlineAlign": "Start", "RowIndex": 3, "Width": 190.75}}, {"Bounds": [240.25999450683594, 528.0431976318359, 373.0539093017578, 550.8182373046875], "ClipBounds": [240.25999450683594, 528.0431976318359, 373.0539093017578, 550.8182373046875], "Font": {"alt_family_name": "Arial", "embedded": true, "encoding": "WinAnsiEncoding", "family_name": "Arial MT", "font_type": "TrueType", "italic": false, "monospaced": false, "name": "GHGONW+ArialMT", "subset": true, "weight": 400}, "HasClip": true, "Lang": "en", "Page": 0, "Path": "//Document/Sect[3]/Table/TR[4]/TD[2]/P", "Text": "consectetur enim exercitation commodo mollit officia sunt ", "TextSize": 10.080001831054688, "attributes": {"LineHeight": 13.375}}, {"Bounds": [410.63999938964844, 535.3764038085938, 450.3784484863281, 545.844482421875], "ClipBounds": [410.63999938964844, 535.3764038085938, 450.3784484863281, 545.844482421875], "Page": 0, "Path": "//Document/Sect[3]/Table/TR[4]/TD[3]", "attributes": {"BBox": [403.903999999995, 527.0509999999776, 558.2169999999751, 552.9699999999721], "BackgroundColor": [1, 1, 0.9921569999999917], "BlockAlign": "Middle", "ColIndex": 2, "Height": 25.875, "InlineAlign": "Start", "RowIndex": 3, "Width": 154.375}}, {"Bounds": [410.63999938964844, 535.3764038085938, 450.3784484863281, 545.844482421875], "ClipBounds": [410.63999938964844, 535.3764038085938, 450.3784484863281, 545.844482421875], "Font": {"alt_family_name": "Arial", "embedded": true, "encoding": "WinAnsiEncoding", "family_name": "Arial", "font_type": "TrueType", "italic": false, "monospaced": false, "name": "WKILDQ+Arial-BoldMT", "subset": true, "weight": 700}, "HasClip": true, "Lang": "en", "Page": 0, "Path": "//Document/Sect[3]/Table/TR[4]/TD[3]/P", "Text": "$23122 ", "TextSize": 11.160003662109375, "attributes": {"LineHeight": 13.375}}, {"Bounds": [81.04800415039062, 514.7232055664062, 149.50128173828125, 524.1782379150391], "ClipBounds": [81.04800415039062, 514.7232055664062, 149.50128173828125, 524.1782379150391], "Page": 0, "Path": "//Document/Sect[3]/Table/TR[5]/TD", "attributes": {"BBox": [80.99669999999969, 501.73199999998906, 213.11099999999715, 527.0509999999776], "BlockAlign": "Before", "ColIndex": 0, "Height": 25.375, "InlineAlign": "Start", "RowIndex": 4, "Width": 132.125}}, {"Bounds": [81.04800415039062, 514.7232055664062, 149.50128173828125, 524.1782379150391], "ClipBounds": [81.04800415039062, 514.7232055664062, 149.50128173828125, 524.1782379150391], "Font": {"alt_family_name": "Arial", "embedded": true, "encoding": "WinAnsiEncoding", "family_name": "Arial MT", "font_type": "TrueType", "italic": false, "monospaced": false, "name": "GHGONW+ArialMT", "subset": true, "weight": 400}, "HasClip": true, "Lang": "en", "Page": 0, "Path": "//Document/Sect[3]/Table/TR[5]/TD/P", "Text": "Cotton Ground ", "TextSize": 10.080001831054688, "attributes": {"LineHeight": 12.125}}, {"Bounds": [240.25999450683594, 501.7431945800781, 343.4690399169922, 524.1782379150391], "ClipBounds": [240.25999450683594, 501.7431945800781, 343.4690399169922, 524.1782379150391], "Page": 0, "Path": "//Document/Sect[3]/Table/TR[5]/TD[2]", "attributes": {"BBox": [213.11099999999715, 501.73199999998906, 403.903999999995, 527.0509999999776], "BlockAlign": "After", "ColIndex": 1, "Height": 25.375, "InlineAlign": "Start", "RowIndex": 4, "Width": 190.75}}, {"Bounds": [240.25999450683594, 501.7431945800781, 343.4690399169922, 524.1782379150391], "ClipBounds": [240.25999450683594, 501.7431945800781, 343.4690399169922, 524.1782379150391], "Font": {"alt_family_name": "Arial", "embedded": true, "encoding": "WinAnsiEncoding", "family_name": "Arial MT", "font_type": "TrueType", "italic": false, "monospaced": false, "name": "GHGONW+ArialMT", "subset": true, "weight": 400}, "HasClip": true, "Lang": "en", "Page": 0, "Path": "//Document/Sect[3]/Table/TR[5]/TD[2]/P", "Text": "labore deserunt Lorem adipisicing duis ", "TextSize": 10.080001831054688, "attributes": {"LineHeight": 13}}, {"Path": "//Document/Sect[3]/Table/TR[5]/TD[3]", "attributes": {"BBox": [403.903999999995, 501.73199999998906, 558.2169999999751, 527.0509999999776], "BackgroundColor": [1, 1, 1], "BlockAlign": "Before", "ColIndex": 2, "Height": 25.375, "InlineAlign": "Start", "RowIndex": 4, "Width": 154.375}}, {"Bounds": [77.447998046875, 416.7532043457031, 530.1510314941406, 426.20823669433594], "ClipBounds": [77.447998046875, 416.7532043457031, 530.1510314941406, 426.20823669433594], "Page": 0, "Path": "//Document/Sect[3]/Table[2]", "attributes": {"BBox": [71.5170999999973, 401.775999999998, 540.9379999999946, 434.29499999999825], "NumCol": 4, "Placement": "Block", "SpaceAfter": 18}}, {"Bounds": [77.447998046875, 416.7532043457031, 104.47239685058594, 426.20823669433594], "ClipBounds": [77.447998046875, 416.7532043457031, 104.47239685058594, 426.20823669433594], "Page": 0, "Path": "//Document/Sect[3]/Table[2]/TR/TD", "attributes": {"BBox": [71.5170999999973, 400.93599999998696, 358.78499999998894, 434.29499999999825], "BlockAlign": "Middle", "BorderColor": [[0, 0, 0], [0.6235349999999755, 0.6235349999999755, 0.6235349999999755], [0, 0, 0], [0, 0, 0]], "BorderStyle": "Solid", "BorderThickness": [0.625, 0.875, 0.5, 0.25], "ColIndex": 0, "Height": 33.375, "InlineAlign": "Start", "RowIndex": 0, "Width": 287.25}}, {"Bounds": [77.447998046875, 416.7532043457031, 104.47239685058594, 426.20823669433594], "ClipBounds": [77.447998046875, 416.7532043457031, 104.47239685058594, 426.20823669433594], "Font": {"alt_family_name": "Arial", "embedded": true, "encoding": "WinAnsiEncoding", "family_name": "Arial", "font_type": "TrueType", "italic": false, "monospaced": false, "name": "WKILDQ+Arial-BoldMT", "subset": true, "weight": 700}, "HasClip": true, "Lang": "en", "Page": 0, "Path": "//Document/Sect[3]/Table[2]/TR/TD/P", "Text": "ITEM ", "TextSize": 10.080001831054688, "attributes": {"LineHeight": 12.125}}, {"Bounds": [363.1000061035156, 416.7532043457031, 386.6570281982422, 426.20823669433594], "ClipBounds": [363.1000061035156, 416.7532043457031, 386.6570281982422, 426.20823669433594], "Page": 0, "Path": "//Document/Sect[3]/Table[2]/TR/TD[2]", "attributes": {"BBox": [358.304999999993, 400.93599999998696, 415.6629999999859, 434.29499999999825], "BlockAlign": "Middle", "BorderColor": [[0, 0, 0], [0.6235349999999755, 0.6235349999999755, 0.6235349999999755], [0, 0, 0], [0, 0, 0]], "BorderStyle": "Solid", "BorderThickness": [0.625, 0.875, 0.25, 0.25], "ColIndex": 1, "Height": 33.375, "InlineAlign": "Start", "RowIndex": 0, "Width": 57.375}}, {"Bounds": [363.1000061035156, 416.7532043457031, 386.6570281982422, 426.20823669433594], "ClipBounds": [363.1000061035156, 416.7532043457031, 386.6570281982422, 426.20823669433594], "Font": {"alt_family_name": "Arial", "embedded": true, "encoding": "WinAnsiEncoding", "family_name": "Arial", "font_type": "TrueType", "italic": false, "monospaced": false, "name": "WKILDQ+Arial-BoldMT", "subset": true, "weight": 700}, "HasClip": true, "Lang": "en", "Page": 0, "Path": "//Document/Sect[3]/Table[2]/TR/TD[2]/P", "Text": "QTY ", "TextSize": 10.080001831054688, "attributes": {"LineHeight": 12.125}}, {"Bounds": [420.3800048828125, 416.7532043457031, 450.7712707519531, 426.20823669433594], "ClipBounds": [420.3800048828125, 416.7532043457031, 450.7712707519531, 426.20823669433594], "Page": 0, "Path": "//Document/Sect[3]/Table[2]/TR/TD[3]", "attributes": {"BBox": [415.18299999999, 400.93599999998696, 481.8999999999942, 434.29499999999825], "BlockAlign": "Middle", "BorderColor": [[0, 0, 0], [0.6235349999999755, 0.6235349999999755, 0.6235349999999755], [0, 0, 0], [0, 0, 0]], "BorderStyle": "Solid", "BorderThickness": [0.625, 0.875, 0.25, 0.25], "ColIndex": 2, "Height": 33.375, "InlineAlign": "Start", "RowIndex": 0, "Width": 66.75}}, {"Bounds": [420.3800048828125, 416.7532043457031, 450.7712707519531, 426.20823669433594], "ClipBounds": [420.3800048828125, 416.7532043457031, 450.7712707519531, 426.20823669433594], "Font": {"alt_family_name": "Arial", "embedded": true, "encoding": "WinAnsiEncoding", "family_name": "Arial", "font_type": "TrueType", "italic": false, "monospaced": false, "name": "WKILDQ+Arial-BoldMT", "subset": true, "weight": 700}, "HasClip": true, "Lang": "en", "Page": 0, "Path": "//Document/Sect[3]/Table[2]/TR/TD[3]/P", "Text": "RATE ", "TextSize": 10.080001831054688, "attributes": {"LineHeight": 12.125}}, {"Bounds": [483.4100036621094, 416.7532043457031, 530.1510314941406, 426.20823669433594], "ClipBounds": [483.4100036621094, 416.7532043457031, 530.1510314941406, 426.20823669433594], "Page": 0, "Path": "//Document/Sect[3]/Table[2]/TR/TD[4]", "attributes": {"BBox": [481.41999999999825, 400.93599999998696, 541.417999999976, 434.29499999999825], "BlockAlign": "Middle", "BorderColor": [[0, 0, 0], [0.6235349999999755, 0.6235349999999755, 0.6235349999999755], [0, 0, 0], [0, 0, 0]], "BorderStyle": "Solid", "BorderThickness": [0.625, 0.875, 0.25, 0.5], "ColIndex": 3, "Height": 33.375, "InlineAlign": "Start", "RowIndex": 0, "Width": 60}}, {"Bounds": [483.4100036621094, 416.7532043457031, 530.1510314941406, 426.20823669433594], "ClipBounds": [483.4100036621094, 416.7532043457031, 530.1510314941406, 426.20823669433594], "Font": {"alt_family_name": "Arial", "embedded": true, "encoding": "WinAnsiEncoding", "family_name": "Arial", "font_type": "TrueType", "italic": false, "monospaced": false, "name": "WKILDQ+Arial-BoldMT", "subset": true, "weight": 700}, "HasClip": true, "Lang": "en", "Page": 0, "Path": "//Document/Sect[3]/Table[2]/TR/TD[4]/P", "Text": "AMOUNT ", "TextSize": 10.080001831054688, "attributes": {"LineHeight": 12.125}}, {"Bounds": [77.447998046875, 213.26319885253906, 517.7280731201172, 390.54823303222656], "ClipBounds": [77.447998046875, 213.26319885253906, 517.7280731201172, 390.54823303222656], "Page": 0, "Path": "//Document/Sect[3]/Table[3]", "attributes": {"BBox": [71.5170999999973, 195.86399999999412, 540.9379999999946, 398.775999999998], "NumCol": 4, "NumRow": 6, "Placement": "Block", "SpaceAfter": 18}}, {"Bounds": [77.447998046875, 381.09320068359375, 199.12367248535156, 390.54823303222656], "ClipBounds": [77.447998046875, 381.09320068359375, 199.12367248535156, 390.54823303222656], "Page": 0, "Path": "//Document/Sect[3]/Table[3]/TR/TD", "attributes": {"BBox": [71.5170999999973, 364.81699999999546, 358.0649999999878, 398.775999999998], "BlockAlign": "Middle", "BorderColor": [0, 0, 0], "BorderStyle": "Solid", "BorderThickness": [0.625, 0.25, 0.5, 0.25], "ColIndex": 0, "Height": 34, "InlineAlign": "Start", "RowIndex": 0, "Width": 286.375}}, {"Bounds": [77.447998046875, 381.09320068359375, 199.12367248535156, 390.54823303222656], "ClipBounds": [77.447998046875, 381.09320068359375, 199.12367248535156, 390.54823303222656], "Font": {"alt_family_name": "Arial", "embedded": true, "encoding": "WinAnsiEncoding", "family_name": "Arial MT", "font_type": "TrueType", "italic": false, "monospaced": false, "name": "GHGONW+ArialMT", "subset": true, "weight": 400}, "HasClip": true, "Lang": "en", "Page": 0, "Path": "//Document/Sect[3]/Table[3]/TR/TD/P", "Text": "Ergonomic Steel Keyboard ", "TextSize": 10.080001831054688, "attributes": {"LineHeight": 12.125}}, {"Bounds": [363.82000732421875, 381.09320068359375, 378.3000030517578, 390.54823303222656], "ClipBounds": [363.82000732421875, 381.09320068359375, 378.3000030517578, 390.54823303222656], "Page": 0, "Path": "//Document/Sect[3]/Table[3]/TR/TD[2]", "attributes": {"BBox": [357.58499999999185, 364.81699999999546, 414.22299999999814, 398.775999999998], "BlockAlign": "Middle", "BorderColor": [0, 0, 0], "BorderStyle": "Solid", "BorderThickness": [0.625, 0.25, 0.25, 0.25], "ColIndex": 1, "Height": 34, "InlineAlign": "Start", "RowIndex": 0, "Width": 56.625}}, {"Bounds": [363.82000732421875, 381.09320068359375, 378.3000030517578, 390.54823303222656], "ClipBounds": [363.82000732421875, 381.09320068359375, 378.3000030517578, 390.54823303222656], "Font": {"alt_family_name": "Arial", "embedded": true, "encoding": "WinAnsiEncoding", "family_name": "Arial MT", "font_type": "TrueType", "italic": false, "monospaced": false, "name": "GHGONW+ArialMT", "subset": true, "weight": 400}, "HasClip": true, "Lang": "en", "Page": 0, "Path": "//Document/Sect[3]/Table[3]/TR/TD[2]/P", "Text": "22 ", "TextSize": 10.080001831054688, "attributes": {"LineHeight": 12.125}}, {"Bounds": [420.3800048828125, 381.09320068359375, 434.86000061035156, 390.54823303222656], "ClipBounds": [420.3800048828125, 381.09320068359375, 434.86000061035156, 390.54823303222656], "Page": 0, "Path": "//Document/Sect[3]/Table[3]/TR/TD[3]", "attributes": {"BBox": [413.74299999998766, 364.81699999999546, 481.8999999999942, 398.775999999998], "BlockAlign": "Middle", "BorderColor": [0, 0, 0], "BorderStyle": "Solid", "BorderThickness": [0.625, 0.25, 0.25, 0.25], "ColIndex": 2, "Height": 34, "InlineAlign": "Start", "RowIndex": 0, "Width": 68.125}}, {"Bounds": [420.3800048828125, 381.09320068359375, 434.86000061035156, 390.54823303222656], "ClipBounds": [420.3800048828125, 381.09320068359375, 434.86000061035156, 390.54823303222656], "Font": {"alt_family_name": "Arial", "embedded": true, "encoding": "WinAnsiEncoding", "family_name": "Arial MT", "font_type": "TrueType", "italic": false, "monospaced": false, "name": "GHGONW+ArialMT", "subset": true, "weight": 400}, "HasClip": true, "Lang": "en", "Page": 0, "Path": "//Document/Sect[3]/Table[3]/TR/TD[3]/P", "Text": "14 ", "TextSize": 10.080001831054688, "attributes": {"LineHeight": 12.125}}, {"Bounds": [487.00999450683594, 381.09320068359375, 512.3251953125, 390.54823303222656], "ClipBounds": [487.00999450683594, 381.09320068359375, 512.3251953125, 390.54823303222656], "Page": 0, "Path": "//Document/Sect[3]/Table[3]/TR/TD[4]", "attributes": {"BBox": [481.41999999999825, 364.81699999999546, 541.417999999976, 398.775999999998], "BlockAlign": "Middle", "BorderColor": [0, 0, 0], "BorderStyle": "Solid", "BorderThickness": [0.625, 0.25, 0.25, 0.5], "ColIndex": 3, "Height": 34, "InlineAlign": "Start", "RowIndex": 0, "Width": 60}}, {"Bounds": [487.00999450683594, 381.09320068359375, 512.3251953125, 390.54823303222656], "ClipBounds": [487.00999450683594, 381.09320068359375, 512.3251953125, 390.54823303222656], "Font": {"alt_family_name": "Arial", "embedded": true, "encoding": "WinAnsiEncoding", "family_name": "Arial MT", "font_type": "TrueType", "italic": false, "monospaced": false, "name": "GHGONW+ArialMT", "subset": true, "weight": 400}, "HasClip": true, "Lang": "en", "Page": 0, "Path": "//Document/Sect[3]/Table[3]/TR/TD[4]/P", "Text": "$308 ", "TextSize": 10.080001831054688, "attributes": {"LineHeight": 12.125}}, {"Bounds": [77.447998046875, 347.5832061767578, 179.33663940429688, 357.0382385253906], "ClipBounds": [77.447998046875, 347.5832061767578, 179.33663940429688, 357.0382385253906], "Page": 0, "Path": "//Document/Sect[3]/Table[3]/TR[2]/TD", "attributes": {"BBox": [71.5170999999973, 331.69899999999325, 358.0649999999878, 365.2969999999914], "BlockAlign": "Middle", "BorderColor": [0, 0, 0], "BorderStyle": "Solid", "BorderThickness": [0.25, 0.25, 0.5, 0.25], "ColIndex": 0, "Height": 33.625, "InlineAlign": "Start", "RowIndex": 1, "Width": 286.375}}, {"Bounds": [77.447998046875, 347.5832061767578, 179.33663940429688, 357.0382385253906], "ClipBounds": [77.447998046875, 347.5832061767578, 179.33663940429688, 357.0382385253906], "Font": {"alt_family_name": "Arial", "embedded": true, "encoding": "WinAnsiEncoding", "family_name": "Arial MT", "font_type": "TrueType", "italic": false, "monospaced": false, "name": "GHGONW+ArialMT", "subset": true, "weight": 400}, "HasClip": true, "Lang": "en", "Page": 0, "Path": "//Document/Sect[3]/Table[3]/TR[2]/TD/P", "Text": "Refined Steel Chicken ", "TextSize": 10.080001831054688, "attributes": {"LineHeight": 12.125}}, {"Bounds": [363.82000732421875, 347.5832061767578, 378.3000030517578, 357.0382385253906], "ClipBounds": [363.82000732421875, 347.5832061767578, 378.3000030517578, 357.0382385253906], "Page": 0, "Path": "//Document/Sect[3]/Table[3]/TR[2]/TD[2]", "attributes": {"BBox": [357.58499999999185, 331.69899999999325, 414.22299999999814, 365.2969999999914], "BlockAlign": "Middle", "BorderColor": [0, 0, 0], "BorderStyle": "Solid", "BorderThickness": 0.25, "ColIndex": 1, "Height": 33.625, "InlineAlign": "Start", "RowIndex": 1, "Width": 56.625}}, {"Bounds": [363.82000732421875, 347.5832061767578, 378.3000030517578, 357.0382385253906], "ClipBounds": [363.82000732421875, 347.5832061767578, 378.3000030517578, 357.0382385253906], "Font": {"alt_family_name": "Arial", "embedded": true, "encoding": "WinAnsiEncoding", "family_name": "Arial MT", "font_type": "TrueType", "italic": false, "monospaced": false, "name": "GHGONW+ArialMT", "subset": true, "weight": 400}, "HasClip": true, "Lang": "en", "Page": 0, "Path": "//Document/Sect[3]/Table[3]/TR[2]/TD[2]/P", "Text": "35 ", "TextSize": 10.080001831054688, "attributes": {"LineHeight": 12.125}}, {"Bounds": [420.3800048828125, 347.5832061767578, 434.86000061035156, 357.0382385253906], "ClipBounds": [420.3800048828125, 347.5832061767578, 434.86000061035156, 357.0382385253906], "Page": 0, "Path": "//Document/Sect[3]/Table[3]/TR[2]/TD[3]", "attributes": {"BBox": [413.74299999998766, 331.69899999999325, 481.8999999999942, 365.2969999999914], "BlockAlign": "Middle", "BorderColor": [0, 0, 0], "BorderStyle": "Solid", "BorderThickness": 0.25, "ColIndex": 2, "Height": 33.625, "InlineAlign": "Start", "RowIndex": 1, "Width": 68.125}}, {"Bounds": [420.3800048828125, 347.5832061767578, 434.86000061035156, 357.0382385253906], "ClipBounds": [420.3800048828125, 347.5832061767578, 434.86000061035156, 357.0382385253906], "Font": {"alt_family_name": "Arial", "embedded": true, "encoding": "WinAnsiEncoding", "family_name": "Arial MT", "font_type": "TrueType", "italic": false, "monospaced": false, "name": "GHGONW+ArialMT", "subset": true, "weight": 400}, "HasClip": true, "Lang": "en", "Page": 0, "Path": "//Document/Sect[3]/Table[3]/TR[2]/TD[3]/P", "Text": "54 ", "TextSize": 10.080001831054688, "attributes": {"LineHeight": 12.125}}, {"Bounds": [487.00999450683594, 347.5832061767578, 517.7280731201172, 357.0382385253906], "ClipBounds": [487.00999450683594, 347.5832061767578, 517.7280731201172, 357.0382385253906], "Page": 0, "Path": "//Document/Sect[3]/Table[3]/TR[2]/TD[4]", "attributes": {"BBox": [481.41999999999825, 331.69899999999325, 541.417999999976, 365.2969999999914], "BlockAlign": "Middle", "BorderColor": [0, 0, 0], "BorderStyle": "Solid", "BorderThickness": [0.25, 0.25, 0.25, 0.5], "ColIndex": 3, "Height": 33.625, "InlineAlign": "Start", "RowIndex": 1, "Width": 60}}, {"Bounds": [487.00999450683594, 347.5832061767578, 517.7280731201172, 357.0382385253906], "ClipBounds": [487.00999450683594, 347.5832061767578, 517.7280731201172, 357.0382385253906], "Font": {"alt_family_name": "Arial", "embedded": true, "encoding": "WinAnsiEncoding", "family_name": "Arial MT", "font_type": "TrueType", "italic": false, "monospaced": false, "name": "GHGONW+ArialMT", "subset": true, "weight": 400}, "HasClip": true, "Lang": "en", "Page": 0, "Path": "//Document/Sect[3]/Table[3]/TR[2]/TD[4]/P", "Text": "$1890 ", "TextSize": 10.080001831054688, "attributes": {"LineHeight": 12.125}}, {"Bounds": [77.447998046875, 314.1031951904297, 200.19215393066406, 323.55824279785156], "ClipBounds": [77.447998046875, 314.1031951904297, 200.19215393066406, 323.55824279785156], "Page": 0, "Path": "//Document/Sect[3]/Table[3]/TR[3]/TD", "attributes": {"BBox": [71.5170999999973, 298.5799999999872, 358.0649999999878, 332.1789999999892], "BlockAlign": "Middle", "BorderColor": [0, 0, 0], "BorderStyle": "Solid", "BorderThickness": [0.25, 0.25, 0.5, 0.25], "ColIndex": 0, "Height": 33.625, "InlineAlign": "Start", "RowIndex": 2, "Width": 286.375}}, {"Bounds": [77.447998046875, 314.1031951904297, 200.19215393066406, 323.55824279785156], "ClipBounds": [77.447998046875, 314.1031951904297, 200.19215393066406, 323.55824279785156], "Font": {"alt_family_name": "Arial", "embedded": true, "encoding": "WinAnsiEncoding", "family_name": "Arial MT", "font_type": "TrueType", "italic": false, "monospaced": false, "name": "GHGONW+ArialMT", "subset": true, "weight": 400}, "HasClip": true, "Lang": "en", "Page": 0, "Path": "//Document/Sect[3]/Table[3]/TR[3]/TD/P", "Text": "Handmade Concrete Table ", "TextSize": 10.080001831054688, "attributes": {"LineHeight": 12.125}}, {"Bounds": [363.82000732421875, 314.1031951904297, 378.3000030517578, 323.55824279785156], "ClipBounds": [363.82000732421875, 314.1031951904297, 378.3000030517578, 323.55824279785156], "Page": 0, "Path": "//Document/Sect[3]/Table[3]/TR[3]/TD[2]", "attributes": {"BBox": [357.58499999999185, 298.5799999999872, 414.22299999999814, 332.1789999999892], "BlockAlign": "Middle", "BorderColor": [0, 0, 0], "BorderStyle": "Solid", "BorderThickness": 0.25, "ColIndex": 1, "Height": 33.625, "InlineAlign": "Start", "RowIndex": 2, "Width": 56.625}}, {"Bounds": [363.82000732421875, 314.1031951904297, 378.3000030517578, 323.55824279785156], "ClipBounds": [363.82000732421875, 314.1031951904297, 378.3000030517578, 323.55824279785156], "Font": {"alt_family_name": "Arial", "embedded": true, "encoding": "WinAnsiEncoding", "family_name": "Arial MT", "font_type": "TrueType", "italic": false, "monospaced": false, "name": "GHGONW+ArialMT", "subset": true, "weight": 400}, "HasClip": true, "Lang": "en", "Page": 0, "Path": "//Document/Sect[3]/Table[3]/TR[3]/TD[2]/P", "Text": "78 ", "TextSize": 10.080001831054688, "attributes": {"LineHeight": 12.125}}, {"Bounds": [420.3800048828125, 314.1031951904297, 434.86000061035156, 323.55824279785156], "ClipBounds": [420.3800048828125, 314.1031951904297, 434.86000061035156, 323.55824279785156], "Page": 0, "Path": "//Document/Sect[3]/Table[3]/TR[3]/TD[3]", "attributes": {"BBox": [413.74299999998766, 298.5799999999872, 481.8999999999942, 332.1789999999892], "BlockAlign": "Middle", "BorderColor": [0, 0, 0], "BorderStyle": "Solid", "BorderThickness": 0.25, "ColIndex": 2, "Height": 33.625, "InlineAlign": "Start", "RowIndex": 2, "Width": 68.125}}, {"Bounds": [420.3800048828125, 314.1031951904297, 434.86000061035156, 323.55824279785156], "ClipBounds": [420.3800048828125, 314.1031951904297, 434.86000061035156, 323.55824279785156], "Font": {"alt_family_name": "Arial", "embedded": true, "encoding": "WinAnsiEncoding", "family_name": "Arial MT", "font_type": "TrueType", "italic": false, "monospaced": false, "name": "GHGONW+ArialMT", "subset": true, "weight": 400}, "HasClip": true, "Lang": "en", "Page": 0, "Path": "//Document/Sect[3]/Table[3]/TR[3]/TD[3]/P", "Text": "78 ", "TextSize": 10.080001831054688, "attributes": {"LineHeight": 12.125}}, {"Bounds": [487.00999450683594, 314.1031951904297, 517.7280731201172, 323.55824279785156], "ClipBounds": [487.00999450683594, 314.1031951904297, 517.7280731201172, 323.55824279785156], "Page": 0, "Path": "//Document/Sect[3]/Table[3]/TR[3]/TD[4]", "attributes": {"BBox": [481.41999999999825, 298.5799999999872, 541.417999999976, 332.1789999999892], "BlockAlign": "Middle", "BorderColor": [0, 0, 0], "BorderStyle": "Solid", "BorderThickness": [0.25, 0.25, 0.25, 0.5], "ColIndex": 3, "Height": 33.625, "InlineAlign": "Start", "RowIndex": 2, "Width": 60}}, {"Bounds": [487.00999450683594, 314.1031951904297, 517.7280731201172, 323.55824279785156], "ClipBounds": [487.00999450683594, 314.1031951904297, 517.7280731201172, 323.55824279785156], "Font": {"alt_family_name": "Arial", "embedded": true, "encoding": "WinAnsiEncoding", "family_name": "Arial MT", "font_type": "TrueType", "italic": false, "monospaced": false, "name": "GHGONW+ArialMT", "subset": true, "weight": 400}, "HasClip": true, "Lang": "en", "Page": 0, "Path": "//Document/Sect[3]/Table[3]/TR[3]/TD[4]/P", "Text": "$6084 ", "TextSize": 10.080001831054688, "attributes": {"LineHeight": 12.125}}, {"Bounds": [77.447998046875, 280.6031951904297, 187.61231994628906, 290.05824279785156], "ClipBounds": [77.447998046875, 280.6031951904297, 187.61231994628906, 290.05824279785156], "Page": 0, "Path": "//Document/Sect[3]/Table[3]/TR[4]/TD", "attributes": {"BBox": [71.5170999999973, 263.30199999999604, 358.0649999999878, 299.0599999999977], "BlockAlign": "Middle", "BorderColor": [0, 0, 0], "BorderStyle": "Solid", "BorderThickness": [0.25, 0.25, 0.5, 0.25], "ColIndex": 0, "Height": 35.75, "InlineAlign": "Start", "RowIndex": 3, "Width": 286.375}}, {"Bounds": [77.447998046875, 280.6031951904297, 187.61231994628906, 290.05824279785156], "ClipBounds": [77.447998046875, 280.6031951904297, 187.61231994628906, 290.05824279785156], "Font": {"alt_family_name": "Arial", "embedded": true, "encoding": "WinAnsiEncoding", "family_name": "Arial MT", "font_type": "TrueType", "italic": false, "monospaced": false, "name": "GHGONW+ArialMT", "subset": true, "weight": 400}, "HasClip": true, "Lang": "en", "Page": 0, "Path": "//Document/Sect[3]/Table[3]/TR[4]/TD/P", "Text": "Practical Concrete Tuna ", "TextSize": 10.080001831054688, "attributes": {"LineHeight": 12.125}}, {"Bounds": [363.82000732421875, 280.6031951904297, 378.3000030517578, 290.05824279785156], "ClipBounds": [363.82000732421875, 280.6031951904297, 378.3000030517578, 290.05824279785156], "Page": 0, "Path": "//Document/Sect[3]/Table[3]/TR[4]/TD[2]", "attributes": {"BBox": [357.58499999999185, 263.30199999999604, 414.22299999999814, 299.0599999999977], "BlockAlign": "Middle", "BorderColor": [0, 0, 0], "BorderStyle": "Solid", "BorderThickness": 0.25, "ColIndex": 1, "Height": 35.75, "InlineAlign": "Start", "RowIndex": 3, "Width": 56.625}}, {"Bounds": [363.82000732421875, 280.6031951904297, 378.3000030517578, 290.05824279785156], "ClipBounds": [363.82000732421875, 280.6031951904297, 378.3000030517578, 290.05824279785156], "Font": {"alt_family_name": "Arial", "embedded": true, "encoding": "WinAnsiEncoding", "family_name": "Arial MT", "font_type": "TrueType", "italic": false, "monospaced": false, "name": "GHGONW+ArialMT", "subset": true, "weight": 400}, "HasClip": true, "Lang": "en", "Page": 0, "Path": "//Document/Sect[3]/Table[3]/TR[4]/TD[2]/P", "Text": "65 ", "TextSize": 10.080001831054688, "attributes": {"LineHeight": 12.125}}, {"Bounds": [420.3800048828125, 280.6031951904297, 434.86000061035156, 290.05824279785156], "ClipBounds": [420.3800048828125, 280.6031951904297, 434.86000061035156, 290.05824279785156], "Page": 0, "Path": "//Document/Sect[3]/Table[3]/TR[4]/TD[3]", "attributes": {"BBox": [413.74299999998766, 263.30199999999604, 481.8999999999942, 299.0599999999977], "BlockAlign": "Middle", "BorderColor": [0, 0, 0], "BorderStyle": "Solid", "BorderThickness": 0.25, "ColIndex": 2, "Height": 35.75, "InlineAlign": "Start", "RowIndex": 3, "Width": 68.125}}, {"Bounds": [420.3800048828125, 280.6031951904297, 434.86000061035156, 290.05824279785156], "ClipBounds": [420.3800048828125, 280.6031951904297, 434.86000061035156, 290.05824279785156], "Font": {"alt_family_name": "Arial", "embedded": true, "encoding": "WinAnsiEncoding", "family_name": "Arial MT", "font_type": "TrueType", "italic": false, "monospaced": false, "name": "GHGONW+ArialMT", "subset": true, "weight": 400}, "HasClip": true, "Lang": "en", "Page": 0, "Path": "//Document/Sect[3]/Table[3]/TR[4]/TD[3]/P", "Text": "56 ", "TextSize": 10.080001831054688, "attributes": {"LineHeight": 12.125}}, {"Bounds": [487.00999450683594, 280.6031951904297, 517.7280731201172, 290.05824279785156], "ClipBounds": [487.00999450683594, 280.6031951904297, 517.7280731201172, 290.05824279785156], "Page": 0, "Path": "//Document/Sect[3]/Table[3]/TR[4]/TD[4]", "attributes": {"BBox": [481.41999999999825, 263.30199999999604, 541.417999999976, 299.0599999999977], "BlockAlign": "Middle", "BorderColor": [0, 0, 0], "BorderStyle": "Solid", "BorderThickness": [0.25, 0.25, 0.25, 0.5], "ColIndex": 3, "Height": 35.75, "InlineAlign": "Start", "RowIndex": 3, "Width": 60}}, {"Bounds": [487.00999450683594, 280.6031951904297, 517.7280731201172, 290.05824279785156], "ClipBounds": [487.00999450683594, 280.6031951904297, 517.7280731201172, 290.05824279785156], "Font": {"alt_family_name": "Arial", "embedded": true, "encoding": "WinAnsiEncoding", "family_name": "Arial MT", "font_type": "TrueType", "italic": false, "monospaced": false, "name": "GHGONW+ArialMT", "subset": true, "weight": 400}, "HasClip": true, "Lang": "en", "Page": 0, "Path": "//Document/Sect[3]/Table[3]/TR[4]/TD[4]/P", "Text": "$3640 ", "TextSize": 10.080001831054688, "attributes": {"LineHeight": 12.125}}, {"Bounds": [77.447998046875, 247.1031951904297, 168.44007873535156, 256.55824279785156], "ClipBounds": [77.447998046875, 247.1031951904297, 168.44007873535156, 256.55824279785156], "Page": 0, "Path": "//Document/Sect[3]/Table[3]/TR[5]/TD", "attributes": {"BBox": [71.5170999999973, 230.18299999999726, 358.0649999999878, 263.7809999999881], "BlockAlign": "Before", "BorderColor": [0, 0, 0], "BorderStyle": "Solid", "BorderThickness": [0.25, 0.25, 0.5, 0.25], "ColIndex": 0, "Height": 33.625, "InlineAlign": "Start", "RowIndex": 4, "Width": 286.375}}, {"Bounds": [77.447998046875, 247.1031951904297, 168.44007873535156, 256.55824279785156], "ClipBounds": [77.447998046875, 247.1031951904297, 168.44007873535156, 256.55824279785156], "Font": {"alt_family_name": "Arial", "embedded": true, "encoding": "WinAnsiEncoding", "family_name": "Arial MT", "font_type": "TrueType", "italic": false, "monospaced": false, "name": "GHGONW+ArialMT", "subset": true, "weight": 400}, "HasClip": true, "Lang": "en", "Page": 0, "Path": "//Document/Sect[3]/Table[3]/TR[5]/TD/P", "Text": "Fantastic Fresh Car ", "TextSize": 10.080001831054688, "attributes": {"LineHeight": 12.125}}, {"Bounds": [363.82000732421875, 247.1031951904297, 383.3751983642578, 256.55824279785156], "ClipBounds": [363.82000732421875, 247.1031951904297, 383.3751983642578, 256.55824279785156], "Page": 0, "Path": "//Document/Sect[3]/Table[3]/TR[5]/TD[2]", "attributes": {"BBox": [357.58499999999185, 230.18299999999726, 414.22299999999814, 263.7809999999881], "BlockAlign": "Before", "BorderColor": [0, 0, 0], "BorderStyle": "Solid", "BorderThickness": 0.25, "ColIndex": 1, "Height": 33.625, "InlineAlign": "Start", "RowIndex": 4, "Width": 56.625}}, {"Bounds": [363.82000732421875, 247.1031951904297, 383.3751983642578, 256.55824279785156], "ClipBounds": [363.82000732421875, 247.1031951904297, 383.3751983642578, 256.55824279785156], "Font": {"alt_family_name": "Arial", "embedded": true, "encoding": "WinAnsiEncoding", "family_name": "Arial MT", "font_type": "TrueType", "italic": false, "monospaced": false, "name": "GHGONW+ArialMT", "subset": true, "weight": 400}, "HasClip": true, "Lang": "en", "Page": 0, "Path": "//Document/Sect[3]/Table[3]/TR[5]/TD[2]/P", "Text": "122 ", "TextSize": 10.080001831054688, "attributes": {"LineHeight": 12.125}}, {"Bounds": [420.3800048828125, 247.1031951904297, 434.86000061035156, 256.55824279785156], "ClipBounds": [420.3800048828125, 247.1031951904297, 434.86000061035156, 256.55824279785156], "Page": 0, "Path": "//Document/Sect[3]/Table[3]/TR[5]/TD[3]", "attributes": {"BBox": [413.74299999998766, 230.18299999999726, 481.8999999999942, 263.7809999999881], "BlockAlign": "Before", "BorderColor": [0, 0, 0], "BorderStyle": "Solid", "BorderThickness": 0.25, "ColIndex": 2, "Height": 33.625, "InlineAlign": "Start", "RowIndex": 4, "Width": 68.125}}, {"Bounds": [420.3800048828125, 247.1031951904297, 434.86000061035156, 256.55824279785156], "ClipBounds": [420.3800048828125, 247.1031951904297, 434.86000061035156, 256.55824279785156], "Font": {"alt_family_name": "Arial", "embedded": true, "encoding": "WinAnsiEncoding", "family_name": "Arial MT", "font_type": "TrueType", "italic": false, "monospaced": false, "name": "GHGONW+ArialMT", "subset": true, "weight": 400}, "HasClip": true, "Lang": "en", "Page": 0, "Path": "//Document/Sect[3]/Table[3]/TR[5]/TD[3]/P", "Text": "61 ", "TextSize": 10.080001831054688, "attributes": {"LineHeight": 12.125}}, {"Bounds": [487.00999450683594, 247.1031951904297, 517.7280731201172, 256.55824279785156], "ClipBounds": [487.00999450683594, 247.1031951904297, 517.7280731201172, 256.55824279785156], "Page": 0, "Path": "//Document/Sect[3]/Table[3]/TR[5]/TD[4]", "attributes": {"BBox": [481.41999999999825, 230.18299999999726, 541.417999999976, 263.7809999999881], "BlockAlign": "Before", "BorderColor": [0, 0, 0], "BorderStyle": "Solid", "BorderThickness": [0.25, 0.25, 0.25, 0.5], "ColIndex": 3, "Height": 33.625, "InlineAlign": "Start", "RowIndex": 4, "Width": 60}}, {"Bounds": [487.00999450683594, 247.1031951904297, 517.7280731201172, 256.55824279785156], "ClipBounds": [487.00999450683594, 247.1031951904297, 517.7280731201172, 256.55824279785156], "Font": {"alt_family_name": "Arial", "embedded": true, "encoding": "WinAnsiEncoding", "family_name": "Arial MT", "font_type": "TrueType", "italic": false, "monospaced": false, "name": "GHGONW+ArialMT", "subset": true, "weight": 400}, "HasClip": true, "Lang": "en", "Page": 0, "Path": "//Document/Sect[3]/Table[3]/TR[5]/TD[4]/P", "Text": "$7442 ", "TextSize": 10.080001831054688, "attributes": {"LineHeight": 12.125}}, {"Bounds": [77.447998046875, 213.26319885253906, 173.24832153320312, 222.71824645996094], "ClipBounds": [77.447998046875, 213.26319885253906, 173.24832153320312, 222.71824645996094], "Page": 0, "Path": "//Document/Sect[3]/Table[3]/TR[6]/TD", "attributes": {"BBox": [71.5170999999973, 195.26399999999558, 358.0649999999878, 230.6629999999932], "BlockAlign": "Before", "BorderColor": [0, 0, 0], "BorderStyle": "Solid", "BorderThickness": [0.25, 0.625, 0.5, 0.25], "ColIndex": 0, "Height": 35.375, "InlineAlign": "Start", "RowIndex": 5, "Width": 286.375}}, {"Bounds": [77.447998046875, 213.26319885253906, 173.24832153320312, 222.71824645996094], "ClipBounds": [77.447998046875, 213.26319885253906, 173.24832153320312, 222.71824645996094], "Font": {"alt_family_name": "Arial", "embedded": true, "encoding": "WinAnsiEncoding", "family_name": "Arial MT", "font_type": "TrueType", "italic": false, "monospaced": false, "name": "GHGONW+ArialMT", "subset": true, "weight": 400}, "HasClip": true, "Lang": "en", "Page": 0, "Path": "//Document/Sect[3]/Table[3]/TR[6]/TD/P", "Text": "Tasty Wooden Salad ", "TextSize": 10.080001831054688, "attributes": {"LineHeight": 12.125}}, {"Bounds": [363.82000732421875, 213.26319885253906, 378.3000030517578, 222.71824645996094], "ClipBounds": [363.82000732421875, 213.26319885253906, 378.3000030517578, 222.71824645996094], "Page": 0, "Path": "//Document/Sect[3]/Table[3]/TR[6]/TD[2]", "attributes": {"BBox": [357.58499999999185, 195.26399999999558, 414.22299999999814, 230.6629999999932], "BlockAlign": "Before", "BorderColor": [0, 0, 0], "BorderStyle": "Solid", "BorderThickness": [0.25, 0.625, 0.25, 0.25], "ColIndex": 1, "Height": 35.375, "InlineAlign": "Start", "RowIndex": 5, "Width": 56.625}}, {"Bounds": [363.82000732421875, 213.26319885253906, 378.3000030517578, 222.71824645996094], "ClipBounds": [363.82000732421875, 213.26319885253906, 378.3000030517578, 222.71824645996094], "Font": {"alt_family_name": "Arial", "embedded": true, "encoding": "WinAnsiEncoding", "family_name": "Arial MT", "font_type": "TrueType", "italic": false, "monospaced": false, "name": "GHGONW+ArialMT", "subset": true, "weight": 400}, "HasClip": true, "Lang": "en", "Page": 0, "Path": "//Document/Sect[3]/Table[3]/TR[6]/TD[2]/P", "Text": "18 ", "TextSize": 10.080001831054688, "attributes": {"LineHeight": 12.125}}, {"Bounds": [420.3800048828125, 213.26319885253906, 434.86000061035156, 222.71824645996094], "ClipBounds": [420.3800048828125, 213.26319885253906, 434.86000061035156, 222.71824645996094], "Page": 0, "Path": "//Document/Sect[3]/Table[3]/TR[6]/TD[3]", "attributes": {"BBox": [413.74299999998766, 195.26399999999558, 481.8999999999942, 230.6629999999932], "BlockAlign": "Before", "BorderColor": [0, 0, 0], "BorderStyle": "Solid", "BorderThickness": [0.25, 0.625, 0.25, 0.25], "ColIndex": 2, "Height": 35.375, "InlineAlign": "Start", "RowIndex": 5, "Width": 68.125}}, {"Bounds": [420.3800048828125, 213.26319885253906, 434.86000061035156, 222.71824645996094], "ClipBounds": [420.3800048828125, 213.26319885253906, 434.86000061035156, 222.71824645996094], "Font": {"alt_family_name": "Arial", "embedded": true, "encoding": "WinAnsiEncoding", "family_name": "Arial MT", "font_type": "TrueType", "italic": false, "monospaced": false, "name": "GHGONW+ArialMT", "subset": true, "weight": 400}, "HasClip": true, "Lang": "en", "Page": 0, "Path": "//Document/Sect[3]/Table[3]/TR[6]/TD[3]/P", "Text": "92 ", "TextSize": 10.080001831054688, "attributes": {"LineHeight": 12.125}}, {"Bounds": [487.00999450683594, 213.26319885253906, 517.7280731201172, 222.71824645996094], "ClipBounds": [487.00999450683594, 213.26319885253906, 517.7280731201172, 222.71824645996094], "Page": 0, "Path": "//Document/Sect[3]/Table[3]/TR[6]/TD[4]", "attributes": {"BBox": [481.41999999999825, 195.26399999999558, 541.417999999976, 230.6629999999932], "BlockAlign": "Before", "BorderColor": [0, 0, 0], "BorderStyle": "Solid", "BorderThickness": [0.25, 0.625, 0.25, 0.5], "ColIndex": 3, "Height": 35.375, "InlineAlign": "Start", "RowIndex": 5, "Width": 60}}, {"Bounds": [487.00999450683594, 213.26319885253906, 517.7280731201172, 222.71824645996094], "ClipBounds": [487.00999450683594, 213.26319885253906, 517.7280731201172, 222.71824645996094], "Font": {"alt_family_name": "Arial", "embedded": true, "encoding": "WinAnsiEncoding", "family_name": "Arial MT", "font_type": "TrueType", "italic": false, "monospaced": false, "name": "GHGONW+ArialMT", "subset": true, "weight": 400}, "HasClip": true, "Lang": "en", "Page": 0, "Path": "//Document/Sect[3]/Table[3]/TR[6]/TD[4]/P", "Text": "$1656 ", "TextSize": 10.080001831054688, "attributes": {"LineHeight": 12.125}}, {"Bounds": [77.447998046875, 99.81320190429688, 522.3792724609375, 142.7482452392578], "ClipBounds": [77.447998046875, 99.81320190429688, 522.3792724609375, 142.7482452392578], "Page": 0, "Path": "//Document/Sect[3]/Table[4]", "attributes": {"BBox": [77.03689999999915, 101.54799999999886, 519.8189999999886, 141.14599999999336], "NumCol": 2, "NumRow": 2, "Placement": "Block", "SpaceAfter": 18}}, {"Bounds": [77.447998046875, 133.29319763183594, 120.4593505859375, 142.7482452392578], "ClipBounds": [77.447998046875, 133.29319763183594, 120.4593505859375, 142.7482452392578], "Page": 0, "Path": "//Document/Sect[3]/Table[4]/TR/TD", "attributes": {"BBox": [77.03689999999915, 117.3869999999988, 358.54499999999825, 141.14599999999336], "BlockAlign": "Before", "ColIndex": 0, "Height": 23.75, "InlineAlign": "Start", "RowIndex": 0, "Width": 281.5}}, {"Bounds": [77.447998046875, 133.29319763183594, 120.4593505859375, 142.7482452392578], "ClipBounds": [77.447998046875, 133.29319763183594, 120.4593505859375, 142.7482452392578], "Font": {"alt_family_name": "Arial", "embedded": true, "encoding": "WinAnsiEncoding", "family_name": "Arial", "font_type": "TrueType", "italic": false, "monospaced": false, "name": "WKILDQ+Arial-BoldMT", "subset": true, "weight": 700}, "HasClip": true, "Lang": "en", "Page": 0, "Path": "//Document/Sect[3]/Table[4]/TR/TD/P", "Text": "Subtotal ", "TextSize": 10.080001831054688, "attributes": {"LineHeight": 12.125}}, {"Bounds": [485.92999267578125, 133.29319763183594, 522.3792724609375, 142.7482452392578], "ClipBounds": [485.92999267578125, 133.29319763183594, 522.3792724609375, 142.7482452392578], "Page": 0, "Path": "//Document/Sect[3]/Table[4]/TR/TD[2]", "attributes": {"BBox": [358.54499999999825, 117.3869999999988, 519.8189999999886, 141.14599999999336], "BlockAlign": "Before", "ColIndex": 1, "Height": 23.75, "InlineAlign": "End", "RowIndex": 0, "Width": 161.25}}, {"Bounds": [485.92999267578125, 133.29319763183594, 522.3792724609375, 142.7482452392578], "ClipBounds": [485.92999267578125, 133.29319763183594, 522.3792724609375, 142.7482452392578], "Font": {"alt_family_name": "Arial", "embedded": true, "encoding": "WinAnsiEncoding", "family_name": "Arial MT", "font_type": "TrueType", "italic": false, "monospaced": false, "name": "GHGONW+ArialMT", "subset": true, "weight": 400}, "HasClip": true, "Lang": "en", "Page": 0, "Path": "//Document/Sect[3]/Table[4]/TR/TD[2]/P", "Text": "$21020 ", "TextSize": 10.080001831054688, "attributes": {"LineHeight": 12.125}}, {"Bounds": [77.447998046875, 99.81320190429688, 109.73143005371094, 109.26823425292969], "ClipBounds": [77.447998046875, 99.81320190429688, 109.73143005371094, 109.26823425292969], "Page": 0, "Path": "//Document/Sect[3]/Table[4]/TR[2]/TD", "attributes": {"BBox": [77.03689999999915, 101.54799999999886, 358.54499999999825, 117.3869999999988], "BlockAlign": "After", "ColIndex": 0, "Height": 15.875, "InlineAlign": "Start", "RowIndex": 1, "Width": 281.5}}, {"Bounds": [77.447998046875, 99.81320190429688, 109.73143005371094, 109.26823425292969], "ClipBounds": [77.447998046875, 99.81320190429688, 109.73143005371094, 109.26823425292969], "Font": {"alt_family_name": "Arial", "embedded": true, "encoding": "WinAnsiEncoding", "family_name": "Arial", "font_type": "TrueType", "italic": false, "monospaced": false, "name": "WKILDQ+Arial-BoldMT", "subset": true, "weight": 700}, "HasClip": true, "Lang": "en", "Page": 0, "Path": "//Document/Sect[3]/Table[4]/TR[2]/TD/P", "Text": "Tax % ", "TextSize": 10.080001831054688, "attributes": {"LineHeight": 12.125}}, {"Bounds": [485.92999267578125, 99.81320190429688, 500.4100036621094, 109.26823425292969], "ClipBounds": [485.92999267578125, 99.81320190429688, 500.4100036621094, 109.26823425292969], "Page": 0, "Path": "//Document/Sect[3]/Table[4]/TR[2]/TD[2]", "attributes": {"BBox": [358.54499999999825, 101.54799999999886, 519.8189999999886, 117.3869999999988], "BlockAlign": "After", "ColIndex": 1, "Height": 15.875, "InlineAlign": "End", "RowIndex": 1, "Width": 161.25}}, {"Bounds": [485.92999267578125, 99.81320190429688, 500.4100036621094, 109.26823425292969], "ClipBounds": [485.92999267578125, 99.81320190429688, 500.4100036621094, 109.26823425292969], "Font": {"alt_family_name": "Arial", "embedded": true, "encoding": "WinAnsiEncoding", "family_name": "Arial MT", "font_type": "TrueType", "italic": false, "monospaced": false, "name": "GHGONW+ArialMT", "subset": true, "weight": 400}, "HasClip": true, "Lang": "en", "Page": 0, "Path": "//Document/Sect[3]/Table[4]/TR[2]/TD[2]/P", "Text": "10 ", "TextSize": 10.080001831054688, "attributes": {"LineHeight": 12.125}}, {"Bounds": [77.447998046875, 639.3332061767578, 126.14447021484375, 648.7882385253906], "ClipBounds": [77.447998046875, 639.3332061767578, 126.14447021484375, 648.7882385253906], "Font": {"alt_family_name": "Arial", "embedded": true, "encoding": "WinAnsiEncoding", "family_name": "Arial", "font_type": "TrueType", "italic": false, "monospaced": false, "name": "WKILDQ+Arial-BoldMT", "subset": true, "weight": 700}, "HasClip": true, "Lang": "en", "Page": 1, "Path": "//Document/Sect[3]/Sect/H2", "Text": "Total Due ", "TextSize": 10.080001831054688}, {"Bounds": [485.92999267578125, 637.3999938964844, 518.7078704833984, 645.8419952392578], "ClipBounds": [485.92999267578125, 637.3999938964844, 518.7078704833984, 645.8419952392578], "Font": {"alt_family_name": "Arial", "embedded": true, "encoding": "WinAnsiEncoding", "family_name": "Arial MT", "font_type": "TrueType", "italic": false, "monospaced": false, "name": "GHGONW+ArialMT", "subset": true, "weight": 400}, "HasClip": true, "Lang": "en", "Page": 1, "Path": "//Document/Sect[3]/Sect/P", "Text": "$23122 ", "TextSize": 9.0, "attributes": {"LineHeight": 10.75, "TextAlign": "End"}}], "pages": [{"boxes": {"CropBox": [0.0, 0.0, 612.0, 792.0], "MediaBox": [0.0, 0.0, 612.0, 792.0]}, "height": 792.0, "is_scanned": false, "page_number": 0, "rotation": 0, "width": 612.0}, {"boxes": {"CropBox": [0.0, 0.0, 612.0, 792.0], "MediaBox": [0.0, 0.0, 612.0, 792.0]}, "height": 792.0, "is_scanned": false, "page_number": 1, "rotation": 0, "width": 612.0}]}